name	number	position	feet	inches	pounds	month	day	year	nothing	college	nationality
Perez, Orlando	4	M	6	2	165	7	12	77		High School	USA
Broome, Paul	2	D	5	9	150	6	6	76		SMU	USA
Brown, Chris (2)	5	m/f	5	11	170	3	10	77		Portland	USA
Cerritos, Ronald	6	F	5	9	155	1	3	75		Abroad	El Salvador
Hendrickson, Ezra	3	D/M	6	3	185	1	16	72		Drake	St. V & Gr.
Kamler, Brian	4	M	6	1	180	2	12	72		Creighton	USA
Lisi, Mark	4	M	6	1	165	10	11	77		Clemson	USA
Suarez, Ryan	2	D	6	2	185	7	28	77		San Jose St.	USA
Williams, Andy	4	M	5	8	155	9	23	77		Rhode Island	Jamaica
Ziadie, Craig	2	D	5	10	172	9	20	78		Richmond	Jamaica
Agoos, Jeff	2	D	5	10	175	5	2	68		Virginia	USA
Akwari, Nelson	2	D	6	0	180	2	4	82		UCLA	USA
Albright, Chris	6	F	6	1	175	1	14	79		Virginia	USA
Armas, Chris	4	M	5	7	150	8	27	72		Adelphi	USA
Arnaud, Davy	4	M	6	0	165	6	22	80		West Texas A&M	USA
Barclay, Devin	5	m/f	5	11	165	4	9	83		High School	USA
Beasley, DaMarcus	4	M	5	7	137	5	24	82		Bradenton	USA
Beckerman, Kyle	4	M	5	10	155	4	23	82		Bradenton	USA
Behncke, Matt	3	d/m	6	3	190	2	20	80		Princeton	USA
Bonseu, Tenywa	2	D	6	1	176	9	28	76		Martin Methodist	Uganda
Brown, Adin	1	GK	6	5	200	5	27	78		William & Mary	USA
Brown, C.J.	2	D	6	0	185	6	15	75		San Jose St.	USA
Buddle, Edson	6	F	6	1	170	5	21	81		State Fair CC	USA
Busch, Jon	1	GK	5	10	165	8	18	76		UNC Charlotte	USA
Califf, Danny	2	D	6	0	180	3	17	80		Maryland	USA
Cannon, Joe	1	GK	6	2	190	1	1	75		Santa Clara	USA
Capano, Craig	4	M	5	7	140	7	7	85		Bradenton	USA
Carrieri, Chris	6	F	5	8	150	4	28	80		UNC	USA
Chung, Mark	4	M	5	7	150	6	18	70		South Florida	USA
Conrad, Jimmy	2	D	6	2	185	2	12	77		UCLA	USA
Convey, Bobby	4	M	5	9	160	5	27	83		Bradenton	USA
Conway, Jon	1	GK	6	6	215	5	6	77		Rutgers	USA
Corrales, Ramiro	3	d/m	6	0	160	3	12	77		High School	USA
Countess, D.J.	1	GK	6	1	185	1	9	82		UCLA	USA
Cunningham, Jeff	6	F	5	8	155	8	21	76		South Florida	Jamaica
Curtin, Jim	2	D	6	4	205	6	23	79		Villanova	USA
Curtis, Ali	6	F	5	10	190	12	18	78		Duke	USA
Davis, Brad	4	M	5	11	165	11	8	81		SLU	USA
Dayak, Troy	2	D	5	11	175	1	21	71		High School	USA
De Rosario, Dwayne	6	F	5	11	164	5	15	78		High School	Canada
Denton, Eric	3	d/m	5	9	155	2	8	78		Santa Clara	USA
Donovan, Landon	6	F	5	9	155	3	4	82		Bradenton	USA
Dunseth, Brian	2	D	6	0	170	3	2	77		Cal State Fullerton	USA
Ekelund, Ronnie	4	M	6	0	180	8	21	72		Abroad	Denmark
Elliott, Simon	4	M	6	0	185	6	10	74		Stanford	New Zealand
Fabbro, Dario	6	F	6	2	178	11	3	76		Abroad	Argentina
Faria, Rodrigo	6	F	6	1	150	2	24	77		High School	Brazil
Franchino, Joe	2	D	5	7	140	8	8	76		Washington	USA
Fraser, Robin	2	D	6	1	175	12	17	66		FIU	USA
Garcia, Nick	2	D	5	10	160	4	9	79		Indiana	USA
Garlick, Scott	1	GK	6	2	195	5	29	72		San Diego	USA
Glinton, Gavin	6	F	5	10	150	3	1	79		Bradley	Turks and Caicos
Gomez, Francisco	4	M	5	11	170	1	25	79		High School	USA
Gray, Kelly	3	D/M	6	2	170	4	7	81		Portland	USA
Griffiths, Winston	4	M	5	10	160	5	12	78		Rhode Island	Jamaica
Gutierrez, Diego	4	M	5	7	155	11	3	72		Rockhurst	USA
Harris, Wolde	6	F	5	10	190	1	26	74		Clemson	Jamaica
Hart, Wes	3	d/m	5	7	155	9	14	77		Washington	USA
Hartman, Kevin	1	GK	6	1	185	5	25	74		UCLA	USA
Heaps, Jay	3	d/m	5	9	155	8	2	76		Duke	USA
Henderson, Chris	4	M	5	9	150	12	11	70		UCLA	USA
Herdsman, Steven	2	D	5	11	165	10	6	75		Cornerstone	USA
Hernandez, Daniel	3	D/M	5	10	165	7	23	76		SMU	USA
Johnson, Edward	6	F	6	0	180	3	31	84		Bradenton	USA
Jolley, Steve	2	D	6	1	190	10	15	75		William & Mary	USA
Jones, Cobi	4	M	5	7	145	6	16	70		UCLA	USA
Kante, Daouda	2	D	6	2	180	7	16	78		FIU	Mali
Kingsley, Zach	4	M	5	11	160	1	18	80		Washington	USA
Klein, Chris	4	M	6	1	180	1	4	76		Indiana	USA
Kotschau, Ritchie	2	D	5	10	175	11	22	75		George Mason	USA
Kovalenko, Dema	4	M	5	8	160	8	28	77		Indiana	Ukraine
Kreis, Jason	6	F	5	10	155	12	29	72		Duke	USA
Lagos, Manny	4	M	6	0	165	6	11	71		Wisconsin-Milwaukee	USA
Leitch, Chris	2	D	5	11	165	4	1	79		UNC	USA
Lewis, Ricky	2	D	6	0	170	5	29	82		Clemson	USA
Maisonneuve, Brian	4	M	5	11	170	6	28	73		Indiana	USA
Mapp, Justin	6	F	5	10	140	10	18	84		Bradenton	USA
Marsch, Jesse	4	M	5	11	170	11	8	73		Princeton	USA
Marshall, Tyrone	2	D	6	2	190	11	12	74		FIU	Jamaica
Martinez, Antonio	4	M	5	7	140	7	9	77		Cal State Fullerton	Mexico
Martino, Kyle	4	M	5	10	144	2	19	81		Virginia	USA
Mastroeni, Pablo	3	D/M	5	10	170	8	29	76		NC State	USA
Meola, Tony	1	GK	6	1	205	2	21	69		Virginia	USA
Moreno, Alejandro	6	F	5	9	170	7	8	79		UNC Greensboro	Venezuela
Moreno, Jaime	6	F	5	10	173	1	19	74		Abroad	Bolivia
Mullan, Brian	5	M/F	5	8	150	4	23	78		Creighton	USA
Mulrooney, Richard	4	M	5	9	160	11	3	76		Creighton	USA
Namoff, Bryan	2	D	5	10	176	5	28	79		Bradley	USA
Nelsen, Ryan	3	D/M	6	1	196	10	18	77		Stanford	New Zealand
O'Brien, Ronnie	4	M	5	10	155	1	5	79		Abroad	Ireland
Olsen, Ben	4	M	5	8	156	5	3	77		Virginia	USA
Oshoniyi, Bo	1	GK	6	1	190	11	3	71		Southern Connecticut St.	USA
Oughton, Duncan	5	M/F	5	9	160	6	14	77		Cal State Fullerton	New Zealand
Pareja, Oscar	4	M	5	8	150	8	10	68		Abroad	Colombia
Paule, Ross	4	M	5	10	160	4	4	76		Creighton	USA
Petke, Mike	2	D	6	2	199	1	30	76		Southern Connecticut St.	USA
Pierce, Rusty	2	D	5	10	165	7	24	79		UNC Greensboro	USA
Pineda Chacon, Alex	4	M	5	8	150	12	19	69		Abroad	Honduras
Pope, Eddie	2	D	6	0	175	12	24	73		UNC	USA
Preki	4	M	5	9	165	6	24	63		Abroad	Serbia
Prideaux, Brandon	2	D	6	0	170	8	18	76		Washington	USA
Quaranta, Santino	6	F	6	1	185	10	14	84		Bradenton	USA
Quill, Eric	5	M/F	5	10	170	2	28	78		Clemson	USA
Ralston, Steve	4	M	5	9	160	6	14	74		FIU	USA
Razov, Ante	6	F	6	1	175	3	2	74		UCLA	USA
Reis, Matt	1	GK	6	1	196	3	28	75		UCLA	USA
Rhine, Bobby	6	F	5	10	171	4	18	76		Connecticut	USA
Rimando, Nick	1	GK	5	10	201	6	17	79		UCLA	USA
Ring, Henry	1	GK	6	3	185	3	16	77		South Carolina	USA
Robinson, Eddie	2	D	6	1	195	6	19	78		UNC	USA
Ruiz, Carlos	6	F	5	9	170	9	15	79		Abroad	Guatemala
Russell, Ian	4	M	5	10	170	8	30	75		Washington	USA
Selolwane, Dipsy	6	F	5	9	150	1	27	78		SLU	Botswana
Serna, Diego	6	F	5	10	175	10	2	73		Abroad	Colombia
Simutenkov, Igor	6	F	5	8	145	4	3	73		Abroad	Russia
Spencer, John	6	F	5	7	160	9	11	70		Abroad	Scotland
Stone, Jordan	4	M	5	9	145	3	16	84		Bradenton	USA
Talley, Carey	2	D	6	2	180	8	26	76		UNC	USA
Trembly, Seth	3	D/M	5	6	140	3	21	82		Bradenton	USA
Twellman, Taylor	6	F	5	11	179	2	29	80		Maryland	USA
Vaca, Joselito	4	M	5	6	125	8	12	82		Abroad	Bolivia
Vagenas, Peter	4	M	5	8	160	2	6	78		UCLA	USA
Victorine, Sasha	4	M	6	2	170	2	3	78		UCLA	USA
Waibel, Craig	2	D	6	2	195	8	21	75		Washington	USA
Whitfield, Evan	4	M	5	11	155	6	23	77		Duke	USA
Wolff, Josh	6	F	5	8	160	2	25	77		South Carolina	USA
Wolyniec, John	6	F	6	1	172	1	24	77		Fordham	USA
Zavagnin, Kerry	4	M	5	10	170	7	2	74		UNC	USA
Addo, Joseph	2	D	6	0	165	9	12	71		George Mason	Ghana
Alegria, Jose	4	M	5	8	155	10	5	80		High School	Peru
Alvarez, Arturo	5	M/f	5	9	145	6	28	85		High School	USA
Arena, Kenny	4	M	6	1	175	2	6	81		Virginia	USA
Armstrong, Stephen	4	M	5	10	165	7	23	76		Butler	England
Bocanegra, Carlos	2	D	6	0	170	5	25	79		UCLA	USA
Borchers, Nat	2	D	6	2	175	4	13	81		Denver	USA
Brunt, Chris	2	D	5	11	165	1	1	80		Southwest Missouri St.	USA
Burciaga, Jose	2	D	6	1	166	11	16	81		High School	USA
Cancela, Jose	4	M	5	9	161	6	25	76		Abroad	Uruguay
Cassar, Jeff	1	GK	6	2	195	2	2	74		FIU	USA
Ching, Brian	6	F	6	1	195	5	24	78		Gonzaga	USA
Chronopoulos, Ted	2	D	6	0	168	9	16	72		San Diego State	USA
Cienfuegos, Mauricio	4	M	5	6	143	2	12	68		Abroad	El Salvador
Clark, Mike	2	D	6	0	180	12	16	72		Indiana	USA
Clark, Ricardo	4	M	5	10	150	2	10	83		Furman	USA
Crawford, Matt	2	D	5	10	160	8	20	80		UNC	USA
Cullen, Leo	4	M	5	8	165	2	28	76		Maryland	USA
Deering, Chad	4	M	6	2	175	9	2	70		Indiana	USA
Diallo, Mamadou	6	F	6	4	190	8	21	78		Abroad	Senegal
DiGiamarino, Joey	3	d/m	5	10	160	4	6	77		Cal State Fullerton	USA
Dunivant, Todd	2	D	6	0	174	12	26	80		Stanford	USa
Eskandarian, Alecko	6	F	5	9	165	7	9	82		Virginia	USA
Etcheverry, Marco	4	M	5	9	190	9	26	70		Abroad	Bolivia
Garcia, Freddy	4	M	5	9	155	2	8	78		Abroad	Guatemala
Gaven, Eddie	4	M	6	0	145	10	25	86		Bradenton	USA
Gbandi, Chris	2	D	5	10	170	4	7	79		Connecticut	Liberia
Gonzalez, Guillermo	4	M	5	11	145	1	4	86		Bradenton	USA
Grafer, Paul	1	GK	6	3	200	8	7	74		William & Mary	USA
Graham, Taylor	2	D	6	4	190	6	3	80		Stanford	USA
Guevara, Amado	4	M	5	11	165	5	2	76		Abroad	Honduras
Hejduk, Frankie	2	D	5	8	155	8	5	74		UCLA	USA
Howard, Tim	1	GK	6	3	210	3	6	79		High School	USA
Jaqua, Nate	5	M/F	6	3	180	10	28	81		Portland	USA
Jewsbury, Jack	3	D/M	6	0	185	4	13	81		SLU	USA
Jordan, Matt	1	GK	6	2	185	10	13	75		Clemson	USA
Joseph, Shalrie	4	M	6	3	180	5	24	78		St. John's	Grenada
Lalas, Alexi	2	D	6	3	210	6	1	70		Rutgers	USA
Lassiter, Roy	6	F	5	8	165	3	9	69		UNC	USA
Leonard, Marshall	4	M	5	7	170	12	19	80		Virginia	USA
Llamosa, Carlos	2	D	5	11	166	6	30	69		Abroad	Colombia
Magee, Mike	6	F	5	9	150	9	2	84		Bradenton	USA
Mathis, Clint	5	M/F	5	10	170	11	25	76		South Carolina	USA
Matteo, Jeff	4	M	5	5	140	8	8	80		St. John's	USA
McBride, Brian	6	F	6	0	175	6	19	72		SLU	USA
McCarty, Chad	2	D	5	11	190	10	5	77		Washington	USA
Moore, Jason	4	M	5	11	170	4	4	78		Virginia	USA
Moore, Joe-Max	6	F	5	9	150	2	23	71		UCLA	USA
Morrow, Steve	2	D	6	0	170	7	2	70		Abroad	Northern Ireland
Myung-Bo, Hong	2	D	6	0	161	2	12	69		Abroad	South Korea
Noonan, Pat	6	F	6	0	170	8	2	80		Indiana	USA
Nugent, Mike	6	F	5	9	155	2	10	80		Princeton	USA
Ochoa, Jesus	4	M	5	11	170	10	12	81		High School	Mexico
Onstad, Pat	1	GK	6	4	220	1	13	68		Abroad	Canada
Pause, Logan	4	M	5	10	155	8	22	81		UNC	USA
Perea, Trevor	4	M	5	3	135	8	19	81		Duke	USA
Popik, Dan	1	GK	6	3	200	3	23	79		St. John's	USA
Presthus, Tom	1	GK	6	4	205	4	5	75		SMU	USA
Quintanilla, Eliseo	5	M/F	5	6	155	2	5	83		Abroad	El Salvador
Ralph, Damani	2	D	6	0	170	11	6	80		Connecticut	Jamaica
Regan, Tim	3	D/M	6	1	170	6	27	81		Bradley	USA
Reyes, Milton	2	D	5	10	166	5	2	74		Abroad	Honduras
Ritch, Michael	6	F	6	3	190	4	26	81		Auburn-Montgomery	USA
Roberts, Zizi	6	F	6	2	190	6	13	79		Abroad	Liberia
Roner, Chris	4	M	6	1	185	3	4	80		UC Berkeley	USA
Salyer, Philip	2	D	5	9	160	10	30	81		Maryland	USA
Stewart, Earnie	6	F	5	9	162	3	28	69		Abroad	Holland
Stewart, Jeff	2	D	5	11	165	6	21	80		Santa Clara	USA
Stoitchkov, Hristo	6	F	5	9	181	2	8	66		Abroad	Bulgaria
Thomas, Shavar	2	D	6	1	195	1	29	81		Connecticut	Jamaica
Thornton, Zach	1	GK	6	3	230	10	10	73		Loyola Maryland	USA
Torres, Arturo	6	F	6	1	165	12	11	80		Loyola Marymount	USA
Torres, Daniel	2	D	5	11	158	10	14	77		Abroad	Costa Rica
Traeger, Jake	2	D	5	11	165	4	16	80		Ohio State	USA
Villegas, Petter	4	M	5	7	140	11	15	75		High School	USA
Walker, Jamil	5	M/F	5	11	165	4	21	81		Santa Clara	USA
Walker, Jonny	1	GK	6	3	180	9	13	74		Louisville	USA
Walsh, Diego	4	M	6	0	180	12	8	79		SMU	Brazil
Warren, Doug	1	GK	6	0	197	3	18	81		Clemson	USA
Washington, Dante	6	F	5	11	190	11	21	70		Radford	USA
West, Brian	4	M	5	9	155	6	10	78		Virginia	USA
Williams, Richie	4	M	5	5	145	6	3	70		Virginia	USA
Zotinca, Alex	2	D	6	0	170	1	22	77		Abroad	Romania
Nhleko, Toni		F	6	0	180	7	24	79		Abroad	South Africa
Powell, Daryl		M	6	2	170	11	15	71		Abroad	England
Adu, Freddy	0		5	8	140	6	3	89		Bradenton	USA
Alavanja, Lazo	4	M	5	11	165	1	18	77		Indiana	USA
Aloisi, Chris	0		5	10	160	2	21	81		Syracuse	USA
Alvarez, Byron	4	M	5	9	170	10	21	78		Abroad	Mexico
Amani-Dove, Hamisi	4	M	5	11	180	3	28	74		Rutgers	USA
Ara, Kevin	4	M	6	2	170	2	8	82		Harvard	USA
Asad, Shaker	4	M	5	7	140	8	18	79		NC State	USA
Baba, Imad	4	M	5	10	170	3	15	74		Clemson	USA
Bagley, Chris	6	F	5	11	165	5	20	80		St. Anselm	USA
Balboa, Marcelo	2	D	6	1	175	8	8	67		San Diego State	USA
Bardales, Isaias	6	F	5	10	170	8	18	79		San Jose St.	USA
Barrett, Wade	2	D	5	8	162	6	23	76		William & Mary	USA
Bartolomeu, Edgar	2	D	5	10	145	9	14	76		Abroad	Angola
Baumstark, Clint	1	GK	6	1	200	1	9	83		Alabama-Birmingham	USA
Bengard, Alex	4	M	6	0	165	3	13	79		CSU Dominguez Hills	USA
Blake, Alex	6	F	6	1	176	10	14	80		Williams	Jamaica
Bolanos, Jonathan	4	M	5	9	170	4	22	78		Abroad	Costa Rica
Buete, Scott	4	M	5	8	160	7	23	80		Maryland	USA
Burns, Mike	2	D	5	9	165	9	14	70		Hartwick	USA
Bussey, Carl	2	D	5	10	165	10	11	78		SMU	USA
Cann, Adrian	0		6	3	180	9	19	80		Louisville	Canada
Carroll, Brian	4	M	5	10	152	7	20	81		Wake Forest	USA
Clanton, Denny	2	D	6	0	170	4	4	82		Dayton	USA
Cloutier, Braeden	4	M	5	11	165	10	3	74		High School	USA
Cochrane, Ryan	2	D	6	1	170	8	8	83		Santa Clara	USA
Conteh, Abdul Thompson	6	F	5	11	179	7	2	70		University of the District of Columbia	Sierra Leone
Daniv, Sergi	4	M	5	7	149	8	23	75		Wake Forest	Ukraine
Dempsey, Clint	0		6	1	170	3	9	83		Furman	USA
Detter, Justin	0		5	11	189	8	7	82		Notre Dame	USA
Diop, Birahim	2	D	6	3	175	2	27	79		Abroad	Senegal
Dombrowski, Tighe	0		5	8	155	3	4	82		Wisconsin-Milwaukee	USA
Dorman, Andy	0		5	11	150	5	1	82		Boston University	Wales
Downing, Nick	2	D	5	9	155	1	25	80		Maryland	USA
Farrer, Richard	2	D	6	0	175	4	9	71		New Mexico	South Africa
Forchetti, Juan	2	D	5	8	165	4	1	81		Abroad	Argentina
Forko, Sam	2	D	5	10	160	9	2	78		Connecticut	Liberia
Frye, Adam	2	D	5	8	159	2	14	74		UCLA	USA
Fuller, Ian	6	F	6	1	165	8	31	79		Clemson	USA
Futagaki, Ryan	4	M	5	7	150	1	17	80		UCLA	USA
Galvan, Jose	4	M	5	6	165	3	26	81		Abroad	Argentina
Gardner, Josh	4	M	5	11	150	9	14	82		Cincinnati	USA
Gibbs, Cory	2	D	6	1	180	1	14	80		Brown	USA
Glasgow, Gary	6	F	5	10	154	5	13	76		Abroad	Trinidad
Gomez, Herculez	6	F	5	10	145	4	6	82		High School	USA
Gonzalez, Luchi	6	F	5	8	156	7	14	80		SMU	USA
Goodson, Clarence	2	D	6	4	165	5	17	82		Maryland	USA
Gordon, Alan	0		6	3	195	10	16	81		Oregon State	USA
Grabavoy, Ned	4	M	5	7	155	7	1	83		Indiana	USA
Graziani, Ariel	6	F	6	0	145	6	7	71		Abroad	Argentina
Griffin, Leonard	0		6	1	185	9	11	82		UCLA	USA
Harkes, John	4	M	5	11	165	3	8	67		Virginia	USA
Ibrahim, Sumed	4	M	5	9	150	12	30	80		Maryland	Ghana
Ibsen, Zak	2	D	5	11	165	2	6	72		UCLA	USA
Ivanov, Galin	2	D	6	1	170	6	4	75		Abroad	Bulgaria
Jackson, Danny	2	D	6	0	190	10	20	79		UNC	England
Juskowiak, Andrzej	6	F	6	0	180	11	3	70		Abroad	Poland
Kante, Ibrahim	6	F	6	3	215	7	20	81		Essex CC	Mali
Korol, Aleksey	6	F	5	10	160	10	14	77		Indiana	Ukraine
Kramer, David	1	GK	6	3	185	8	1	72		Fresno State	USA
Lapper, Mike	2	D	6	0	170	8	28	70		UCLA	USA
LeBlanc, Jacob	4	M	5	11	180	2	2	81		Virginia	USA
Levesque, Roger	6	F	6	2	174	1	22	81		Stanford	USA
Lewis, Darin	6	F	5	9	165	4	28	76		Connecticut	Trinidad
Ludwig, Dennis	6	F	6	0	185	9	26	80		Rutgers	USA
Magee, Amos	6	F	5	7	150	9	7	71		Wesleyan	USA
Marshall, Chad	2	D	6	3	190	8	22	84		Stanford	USA
Martins, Thiago	6	F	6	0	185	9	4	76		UC Santa Barbara	Brazil
McKeon, Matt	2	D	6	2	190	9	24	74		SLU	USA
Mckinley, Ivan	2	D	6	2	185	6	15	69		Lynn	USA
Moore, Jeff	4	M	5	8	155	1	15	80		Richard Stockton	USA
Morrison, Lee	2	D	6	1	170	8	10	79		Stanford	USA
Ngwenya, Joseph	6	F	6	1	175	3	30	81		Coastal Carolina	Zimbabwe
Nowak, Peter	4	M	5	7	145	7	5	64		Abroad	Poland
Nunez, Ramon	4	M	5	5	143	11	14	85		SMU	USA
Olivares, Percy	4	M	6	0	170	6	5	68		Abroad	Peru
Palacios, Raul	4	M	5	6	160	10	30	76		Abroad	Chile
Parke, Jeff	2	D	6	1	180	3	23	82		Drexel	USA
Piesner, Brian	4	M	5	9	160	6	4	78		Rutgers	USA
Quijano, Marvin	6	F	5	8	150	10	10	79		Rio Hondo CC	USA
Ramos, Tab	4	M	5	7	140	9	21	66		NC State	USA
Retiz, Jose	4	M	6	0	162	1	22	79			Mexico
Rizo, Alberto	2	D	5	11	180	2	19	79		Abroad	Mexico
Rodriguez, Jorge	4	M	5	9	155	5	20	71		Abroad	El Salvador
Rooney, Jim	4	M	6	0	165	9	9	68		Fordham	USA
Sanneh, Tony	2	D	6	2	190	6	1	71		Wisconsin-Milwaukee	USA
Schmidt, Casey	6	F	6	0	175	6	16	81		Boston College	USA
Semedo, Carlos	2	D	5	11	170	1	21	80		Abroad	Portugal
Shak, Steve	2	D	6	1	158	2	8	78		UCLA	USA
Shannon, Musa	6	F	5	11	168	8	1	75		Robert Morris	Liberia
Sheppard, Dustin	6	F	5	11	180	9	23	80		Rutgers	USA
Singer, Kyle	1	GK	5	11	175	8	6	80		Boston College	USA
Sleeth, Billy	4	M	5	11	170	10	23	79		Washington	USA
Sommer, Juergen	1	GK	6	5	215	2	27	69		Indiana	USA
Spiteri, Curtis	1	GK	6	1	180	3	15	81		Portland	USA
Stammler, Seth	2	D	5	10	166	9	29	81		Maryland	USA
Stephenson, Khari	4	M	6	2	185	1	18	81		Williams	Jamaica
Stokes, David	2	D	6	3	203	5	28	82		UNC	USA
Sullivan, Gary	2	D	6	1	195	6	24	82		Adelphi	USA
Sutton, Jamal	6	F	5	9	160	3	22	82		Southwest Missouri St.	USA
Taylor, Matt	6	F	5	11	165	10	17	81		UCLA	USA
Thompson, Jason	6	F	6	1	185	11	22	81		Eastern Illinois	USA
Thompson, Scot	2	D	6	0	180	2	11	81		UCLA	USA
Titus, Rick	2	D	6	1	175	3	10	69		Toronto	Canada
Torres, Johnny	6	F	5	8	140	4	24	76		Creighton	Colombia
Urbas, Mandi	4	M	6	0	165	6	18	82		Abroad	Germany
Valderrama, Carlos	4	M	5	9	157	9	2	61		Abroad	Colombia
Vallow, Scott	1	GK	6	3	195	6	8	77		Bowling Green	USA
Vaudreuil, David	4	M	5	7	158	12	21	66		Princeton	USA
Vazquez, Jorge	4	M	5	9	160	11	28	69		Abroad	Argentina
Vercollone, Luke	0		5	10	155	4	4	82		Seton Hall	USA
Vermes, Peter	2	D	6	1	175	11	21	66		Rutgers	USA
Walsh, Billy	4	M	6	2	185	10	7	75		Rutgers	USA
Warzycha, Robert	4	M	5	8	160	8	20	63		Abroad	Poland
Wells, Zach	0		6	2	187	2	26	81		UCLA	USA
Williams, Mark	2	D	6	0	169	9	28	70		Abroad	England
Wilmar Perez, John	4	M	5	7	150	2	2	70		Abroad	Colombia
Wilson, John	2	D	5	9	170	10	26	77		Clemson	USA
Wingert, Chris	0		5	10	155	6	16	82		St. John's	USA
Yeagley, Todd	2	D	6	0	170	9	20	72		Indiana	USA
Zambrano, Henry	6	F	5	6	148	8	7	73		Abroad	Colombia
Baker, Richie		M	5	7	155	4	17	80		Abroad	Ireland
Castellanos, David		F				2	26	80		Duke	USA
Cila, Jordan		M	5	10	165	4	11	82		Duke	USA
de la Torre, Antonio		D	5	10	160	11	18	77		Abroad	Mexico
Galvan Rey, Sergio		F	5	8	145	6	9	73		Abroad	Argentina
Glen, Cornell		F	5	9	160	10	21	81		Abroad	Trinidad
Gros, Joshua		D	6	0	165	6	25	82		Rutgers	USA
Herzog, Andreas		M	6	0	176	9	10	68		Abroad	Austria
John, Avery		D	6	0	170	6	18	75		American	Trinidad
Perkins, Troy		GK	6	2	190	7	29	81		Evansville	USA
Rasovic, Vuk		D	6	0	170	1	3	73		Abroad	Serbia
Saragosa, Marcelo		M	5	11	158	1	22	82		Abroad	Brazil
Scott, Erick		F	5	7	164	5	21	81		Abroad	Costa Rica
Taylor, Fabian		F	5	10	165	4	13	80		Abroad	Jamaica
Testo, David		M	5	10	165	8	7	81		UNC	USA
Valakari, Simo		M	5	10	160	4	28	73		Abroad	Finland
Boucicaut, Alexandre		M	5	6	148	11	18	81		Abroad	Haiti
Brillant, Felix		M/F	5	7	147	9	9	80		Franklin Pierce	Canada
Delgado, Alberto		F	5	9	170	3	11	78		Abroad	Cuba
Herron, Andy		F	5	9	155	3	2	78		Abroad	Costa Rica
Howey, Steve		D	6	1	170	10	26	71		Abroad	England
Kirovski, Jovan		F	6	1	175	3	18	76		High School	USA
Martinez, Rey Angel		F	6	1	160	5	13	80		Abroad	Cuba
Peguero, Jean Philippe		F	6	1	185	9	19	81		Abroad	Haiti
Szetela, Danny		M	5	11	172	6	7	87		Bradenton	USA
Brenes, Pablo		M	5	9	132	8	4	82		Abroad	Costa Rica
Cannon, G.R.		D				5	30	80		Wesley	USA
Flores, Gilberto		M	5	9	160	7	5	83		Abroad	Brazil
Gomez, Christian		M	5	8	156	11	7	74		Abroad	Argentina
Kuffour, Nana		M	5	6	155	2	27	85		Abroad	Ghana
Abrahamson, Guy	4	M	5	10	165	6	22	81			
Abukusumo, Ubusuku	2	D	6	2	170	3	24	77			USA
Adams, Jim	1	GK	6	0	185	11	16	69		Monmouth	
Adams, Kevin	2	D	5	9	170	5	20	80			Trinidad
Agogo, Junior	6	F	5	11	175	8	1	79		Abroad	Ghana
Aguilera, Roland	4	M	5	8	150	12	7	78		Abroad	Bolivia
Alberts, Jay	0		5	8	155	11	8	80		Yale	USA
Aldrich, Jeremy	2	D	6	2	195	2	26	77		Butler	USA
Allnut, Yari	6	F	5	11	165	2	17	70		Portland	USA
Allnutt, Yari	6	F	5	11	165	2	2	70		Portland	USA
Alvarado, Cesar	4	M	5	6	155	12	18	78			USA
Alvarez, Damian	6	F	5	9	155	3	11	73			Mexico
Alvarez, Daniel	4	M	5	11	165	1	18	78			
Alvarez, Leonel	4	M	5	10	168	7	29	65		Abroad	Colombia
Alvarez, Pedro	4	M	5	10	163	5	5	70		Abroad	Colombia
Amaya, Rafael	2	D	5	10	170	9	21	67			Colombia
Ammann, Mike	1	GK	6	3	200	2	8	71		Santa Clara	USA
Anderson, Kevin	4	M	5	6	155	9	7	71		Southern Connecticut St.	USA
Andracki, Bill	1	GK	5	11	175	5	25	69		Rutgers	USA
Armas, Steve	4	M	5	8	155	2	3	77		Maryland	USA
Armstrong, Desmond	2	D	6	0	175	11	2	64		Maryland	USA
Armstrong, Steven	4	M	6	1	165	7	23	76			England
Arzate, Memo	4	M	5	8	150	11	22	81		UC Santa Barbara	USA
Ashton, Chad	4	M	5	9	175	10	26	67		UNC	USA
Aunger, Geoff	2	D	5	11	170	2	4	68		Abroad	Canada
Azizi, Khodadad	6	F	5	7	155	6	22	71		Abroad	Iran
Azmi, Khalil	1	GK	6	3	190	8	23	64			Morocco
Baba, Nidal	4	M	5	11	190	8	16	72		Clemson	USA
Backman, Derek	4	M	6	0	170	1	6	66		Lynn	USA
Baicher, Jeff	6	F	5	10	160	11	16	68		Santa Clara	USA
Ball, John	4	M	5	10	160	11	5	72		Southern Connecticut St.	USA
Bankov, Kalin	2	D	6	0	185	5	12	65		Abroad	Bulgaria
Barber, Dan	4	M	5	8	160	5	17	71		UNLV	USA
Barber, Danny	4	M	5	8	160	5	17	71		UNLV	USA
Barber, Ryan	0		6	2	180	8	16	81			
Bartlett, Shaun	6	F	6	2	180	10	31	72		Abroad	South Africa
Barton, Joe	0					7	1	81			
Batelle, Shane	4	M	5	11	165	10	5	71		SLU	USA
Bates, Brian	2	D	6	1	165	9	1	71		Virginia	USA
Batista, Joao	4	M	5	10	175	12	28	66		Abroad	Brazil
Baumhoff, Billy	4	M	5	8	160	2	7	73			
Beach, Keith	4	M	5	10	160	11	26	76		Maryland	USA
Beasley, Jamar	6	F	5	10	160	10	11	79		High School	USA
Behonick, Michael	1	GK	6	2	180	1	3	81		American	USA
Benedetti, Scott	6	F	5	11	175	11	13	66		Portland	USA
Bent, Jason	2	D	5	9	165	3	8	77		Maryland	Canada
Bernal, Steve	2	D	5	9	165	7	3	78		Creighton	USA
Beskovic, Mersim	2	D	6	0	165	10	16	78		St. Francis	USA
Biddle, Aaron	2	D				3	12	80		Stanford	USA
Bilyk, Jeff	4	M	5	7	145	5	7	77		Clemson	USA
Bishop, Ian	4	M	5	9	165	5	29	65		Abroad	England
Bliss, Brian	6	F	5	8	150	9	28	65		Southern Connecticut St.	USA
Botello, Jose	6	F	6	0	165	4	24	76			USA
Bower, Scott	6	F	5	8	160	6	27	78		Clemson	USA
Bowers, Sean	2	D	6	2	185	8	12	68		Quincy	USA
Boyce, Jason	6	F	5	7	152	10	14	75		Washington	USA
Bradley, Michael	4	M	5	8	130	7	31	87		Bradenton	USA
Branco	2	D	6	0	180	4	4	64		Abroad	Brazil
Brauchle, Chris	4	M	5	10	165	5	24	67		Rutgers	USA
Bravo, Paul	4	M	6	0	175	7	19	68		Santa Clara	USA
Brennan, Bob	2	D	6	0	180	4	14	79			USA
Brilliant, Felix	6	F	5	7	147	9	9	80		Franklin Pierce	Canada
Brose, Dario	4	M	5	6	150	1	27	70		NC State	USA
Brown, Chris (1)	2	D	5	10	165	8	16	71			USA
Bucuane, Manuel	6	F	5	7	160	8	16	73			Mozambique
Budnick, Scott	1	GK	6	2	195	10	28	71		William & Mary	USA
Bunbury, Alex	6	F	6	1	187	6	16	67		Abroad	Canada
Burke, Michael	6	F	5	7	145	2	25	77		Loyola Maryland	USA
Burke, Mike	6	F	5	7	145	2	25	77		Loyola Maryland	USA
Butler, Altimont	4	M	5	10	158	7	21	68		Abroad	Jamaica
Butler, Freddie	4	M	5	10	158	7	21	68			
Butler, Michael	6	F	5	10	170	1	5	76			Liberia
Butterworth, Ian	2	D	6	2	190	2	15	64		Abroad	England
Byaruhanga, Peter	6	F	5	10	160	8	18	79		Alabama-Birmingham	USA
Calichman, Dan	2	D	6	0	180	2	21	68		Williams	USA
Caligiuri, Paul	2	D	5	10	175	5	9	64		UCLA	USA
Campos, Jorge	0	G/F	5	6	150	10	15	66		Abroad	Mexico
Cannon, Scott	2	D	5	9	155	7	22	68		Evansville	USA
Care, Danny	2	D	5	11	178	6	20	74		Clemson	USA
Caricola, Nicola	2	D	6	0	160	2	13	63		Abroad	Italy
Carmichael, Byron	6	F	6	1	170	10	11	81		Marshall	USA
Carrera, Marcelo	6	F	5	8	156	10	1	63		Abroad	Argentina
Carroll, John	0					11	14	77			
Castaneda, Jorge	4	M	5	9	165	1	12	70			Mexico
Castaneda, Tote	4	M	5	9	165	1	12	70		Abroad	Mexico
Cate	4	M	5	9	160	7	11	73		Abroad	Brazil
Causey, Jeff	1	GK	6	3	195	10	19	71		Virginia	USA
Chulis, Matt	2	D	5	10	155	8	29	77		Virginia	USA
Clark, Jamie	2	D	6	1	170	12	13	76		Stanford	Scotland
Cole, Jason	2	D	5	10	180	9	26	80		SLU	USA
Comas, Alex	6	F	6	1	170	11	14	71		Abroad	Colombia
Comfort, David	1	GK	6	5	200	7	27	81		Virginia	USA
Conde, Chiquinho	6	F	5	7	150	11	22	65		Abroad	Mozambique
Conrad, Jim	2	D	6	2	185	2	12	77		UCLA	USA
Cooks, Judah	2	D	6	1	175	11	29	76		High School	USA
Cooks, Micah	2	D	6	0	175	7	2	81		High School	USA
Coufal, Scott	1	GK	6	2	185	8	12	74		Indiana	USA
Coye, Kevin	2	D	6	0	170	4	26	76		UCLA	
Cozier, Mac	6	F	5	8	165	10	23	73		UNC Charlotte	USA
Crawford, Matthew	2	D	5	10	160	8	20	80		UNC	USA
Crawley, Ben	6	F	5	11	175	5	6	71		Virginia	USA
Crew, Adom	0		6	2	175	8	4	82		Brown	USA
Cronin, Steve	1	GK	6	2	195	5	28	83		Santa Clara	USA
Cruz, Arnold	2	D	6	0	160	12	22	70		Abroad	Honduras
Cullen, Rich	1	GK				5	12	78		Air Force	USA
Curcic, Sasa	4	M	5	9	155	2	14	72		Abroad	Serbia
da Silva, Cristian	4	M	5	11	175	2	3	71		Southern Connecticut St.	USA
da Silva, Nino	6	F	5	7	150	5	26	79			USA
Dade, Eric	2	D	6	1	190	1	19	70		Virginia Commonwealth	USA
Daley, Chaka	2	D	6	2	185	9	4	74		Providence	Canada
Damian	6	F	5	9	155	3	11	73		Abroad	Mexico
Dancy, Jake	2	D	5	9	160	4	9	78		Fresno State	USA
DaPra, Dominic	6	F				10	9	79		Wisconsin-Milwaukee	USA
Dario Hernandez, Ruben	6	F	5	4	145	2	19	65		Abroad	Colombia
DaSilva, Chris	2	D	5	11	172	2	13	71			
David, Johnny	0		5	9	165	6	24	81		Farleigh Dickinson	
Dawes, Chris	2	D	5	11	160	5	31	74		Abroad	Jamaica
de Avila, Antonio	6	F	5	3	135	10	21	62		Abroad	Colombia
de Vries, Raimo	6	F	6	2	185	12	21	68			
Debrito, John	4	M	6	2	168	12	3	68		Southern Connecticut St.	USA
Delgado, Cesar	1	GK	6	0	180	1	16	77			
Delgado, Noah	0					12	30	79			
Dely Valdes, Jorge	6	F	6	1	175	3	12	67		Abroad	Panama
Demmin, Craig	2	D	6	2	185	5	21	71		Belhaven	Trinidad
DePalma, Gary	0		5	11	165	3	9	76		Virginia Wesleyan	USA
Devall, Danny	4	M	5	8	160	9	15	72			USA
Diaz Arce, Raul	6	F	5	9	160	2	1	70		Abroad	El Salvador
Diffley, John	4	M	5	9	150	1	11	67		American	USA
Dimaria, Jeff	6	F	5	8	155	5	15	77		SLU	USA
Dixon, Alex	6	F	6	0	191	6	21	75			
Dodd, Mark	1	GK	6	2	180	9	14	65		Duke	USA
Dombrowski, Chad	2	D	6	1	175	8	5	80		Wisconsin-Milwaukee	USA
Donadoni, Roberto	4	M	5	9	160	9	9	63		Abroad	Italy
Dooley, Thomas	4	M	6	1	168	5	12	61		Abroad	Germany
Dos Santos, Paulo	4	M	5	9	165	11	13	73		Rhode Island	Cape Verde
Dotsenko, Ihor	6	F	6	2	180	9	29	74		Wake Forest	Ukraine
Dougherty, Mark	1	GK	6	2	180	11	7	67		Fresno State	USA
Dougherty, Paul	4	M	5	3	130	5	12	66		UC San Diego	USA
Doyle, John	2	D	6	3	185	4	16	66		San Francisco	USA
Draguicevich, Oscar	2	D	6	1	180	8	19	69		North Texas	USA
Droze, Derk	6	F	5	10	155	10	29	72			USA
Duhaney, Mike	2	D	5	11	165	4	5	74		UNLV	USA
East, Kevin	1	GK	6	2	195	3	29	71			USA
Eastman, Gabe	2	D	6	0	185	3	7	77		Modesto JC	USA
Echeverry, Gerson	6	F	5	11	175	3	16	76			USA
Eck, Ted	4	M	6	1	190	7	14	66		Western Illinois	USA
Edwards, Ryan	6	F				1	28	76			USA
Edwards, Troy	2	D	6	0	195	1	21	64		FIU	USA
Eichmann, Eric	6	F	5	10	170	5	7	65		Clemson	USA
Ekeme, Samuel	2	D	5	10	165	7	12	68		Abroad	Cameroon
Elcock, Ansil	2	D	5	11	160	3	17	69		Abroad	Trinidad
Elliott, Gerell	4	M	5	11	150	5	11	70		Fresno State	USA
Emenalo, Michael	4	M	6	0	170	7	14	65		Boston University	Nigeria
Eriksson, Jan	2	D	6	0	170	8	24	67		Abroad	Sweden
Espinoza, Missael	6	F	5	8	155	4	12	65		Abroad	Mexico
Evans, Justin	4	M	6	1	170	1	31	77		St. Bonaventure	USA
Eyre, Adam	2	D	6	1	180	1	7	78		Santa Clara	USA
Fahim, Mohammed	6	F				6	11	79			
Farias, Alejandro	4	M	5	9	157	1	28	70		Abroad	Argentina
Farias, Carlos	4	M	5	6	145	5	15	76			Chile
Farrell, Jason	4	M	5	10	170	12	31	70		Seattle Pacific	USA
Fazlagic, Said	2	D	6	0	155	1	25	69		Abroad	Bosnia
Feller, Michael	2	D	5	10	165	5	9	79			
Fernandes, Fernando	4	M	5	9	148	11	25	71			USA
Fernandes, Narciso	4	M	6	3	195	9	20	78		Wisconsin	USA
Fernandez, Jose	1	GK	6	1	182	1	24	70		FIU	Bolivia
Ferruzzi, Marco	4	M	5	9	170	10	15	70		UNC	USA
Feuer, Ian	1	GK	6	6	217	5	20	71		High School	USA
Figueroa, Vicente	2	D	5	6	140	10	22	77		High School	USA
Fitzgerald, Jay	1	GK	6	5	210	9	1	73			
Flores, Jorge	4	M	5	8	155	2	13	77		High School	USA
Foss, Byron	1	GK	6	5	195	10	6	79		SMU	USA
Fox, Chris	2	D	5	11	173	2	15	74			USA
Fraser, Iain	2	D	5	10	175	4	3	64		Hartwick	Canada
Frazelle, Jimmy	4	M	5	10	150	5	10	80			
Frias, Tony	4	M	5	9	170	11	16	79			USA
Friedel, Brad	1	GK	6	4	200	5	18	71		UCLA	USA
Friedland, Kevin	2	D	5	8	154	10	3	81		SMU	USA
Friend, Rob	6	F	6	4	205	1	23	81		Western Michigan	Canada
Galderisi, Giuseppe	6	F	5	8	150	3	22	63		Abroad	Italy
Garvey, John	6	F	5	10	170	3	26	69		Maryland	USA
Gaucho, Roberto	6	F	5	11	175	4	5	68		Abroad	Brazil
Geddes, Jorge	1	GK	5	10	170	4	14	80			
Gelnovatch, George	4	M	6	3	200	2	12	65		Virginia	USA
Gentile, Mike	4	M				5	24	74		Wisconsin	USA
Gentile, Pablo	2	D	6	0	165	2	12	78			
George, Sam	4	M	5	11	175	6	29	70		UCLA	USA
George, Seth	4	M	5	9	164	3	30	74		UCLA	USA
Gibbs, Corey	2	D	6	1	180	1	14	80		Brown	USA
Gibson, Neathan	6	F	6	3	190	5	14	70			South Africa
Gillen, Ted	4	M	5	10	160	8	16	68		Penn State	USA
Gilmar	4	M	6	1	170	5	16	70		Abroad	Brazil
Glenn, Jimmy	6	F	5	11	180	8	9	72		Clemson	USA
Glowienka, Tim	2	D	5	9	165	8	10	80		South Carolina	
Gomez, Julian	6	F	5	10	168	9	17	75			USA
Goode, Taly	1	GK	6	3	200	8	25	78		Marshall	USA
Goodlett, Ray	2	D	5	10	160	11	20	76		Howard	USA
Gori, Mario	2	D	5	7	160	1	6	73		Abroad	Argentina
Gorter, Edwin	4	M	5	10	170	7	6	63		Abroad	Holland
Gottardi, Jefferson	6	F	6	1	171	1	13	76		Abroad	Bolivia
Gough, Richard	2	D	6	3	185	4	16	62		Abroad	Scotland
Goulooze, Richard	2	D	6	0	180	11	16	67		Abroad	Holland
Gramenz, Don	2	D	5	7	150	3	20	71		Wisconsin-Milwaukee	USA
Green, Michael	2	D	6	4	190	7	16	78		Virginia	USA
Greenwood, Ricci	4	M	6	2	190	8	8	73		Seattle Pacific	USA
Gregor, Andrew	4	M	5	11	150	11	22	75		Portland	USA
Gregorio, Adolfo	4	M	5	9	165	10	1	82		UCLA	USA
Gros, Josh	0		6	0	165	6	25	82		Rutgers	USA
Guido	4	M	5	8	150	3	9	76		Abroad	Brazil
Guthrie, Rivers	4	M	6	0	180	9	25	72		Clemson	USA
Gutierrez, Henry	4	M	5	7	150	8	28	68		NC State	USA
Guzman, Daniel	6	F	5	10	170	12	31	65			Mexico
Haefner, Matthew	1	GK	6	4	210	12	16	81		Pennsylvania	USA
Hahnemann, Marcus	1	GK	6	2	220	6	15	72		Seattle Pacific	USA
Hamlett, Denis	2	D	5	11	190	1	9	69		George Mason	USA
Hancock, Bryheem	1	GK				3	1	80		Connecticut	USA
Hannig, T.J.	0					9	18	77		Indiana	
Harbor, Jean	6	F	6	1	195	9	19	65		Alabama A&M	Nigeria
Hardy, Tom	2	D	6	2	186						
Harrell, Matt	6	F				5	2	79			
Harrington, Pat	1	GK	6	3	190	4	17	65		Abroad	Canada
Harte, Bill	2	D	5	8	150	12	20	71		Loyola Chicago	USA
Harty, Rhett	4	M	6	1	178	3	1	70		Stanford	USA
Hattrup, Peter	4	M	5	11	175	3	30	64		Seattle Pacific	USA
Hayes, David	6	F	5	10	155	5	24	76		Wingate	USA
Haynes, Brian	4	M	6	0	168	5	7	62		Erskine	USA
Heaney, Aidan	1	GK	5	10	165	8	9	69		UNC Charlotte	USA
Hemmerich, Andrew	2	D	5	11	165	5	27	78			
Henderson, Josh	6	F	6	0	185	10	14	77			USA
Henderson, Rysehiem	6	F	6	4	215	3	21	72			
Henderson, Sean	3	D/M	6	0	160	7	25	72		UCLA	USA
Hennessey, Ian	4	M	6	0	175	1	10	67		?	USA
Hermosillo, Carlos	6	F	6	2	190	8	26	64		Abroad	Mexico
Hernandez, Luis	6	F	5	7	160	12	22	68		Abroad	Mexico
Hernandez, Ruben	6	F	5	4	145	2	19	65			Colombia
Hernandez, Ruben Dario	6	F	5	4	145	2	19	65			Colombia
Herrera, Marcelo	5	M/F	5	10	167	10	5	66		Abroad	Argentina
Hesmer, Will	1	GK	6	2	195	11	23	81		Wake Forest	USA
Hesse, Ken	2	D	6	0	170	2	3	72		Cal State Fullerton	
Holocher, Paul	4	M	5	10	160	5	24	69		Santa Clara	USA
Houser, Chris	2	D	6	3	195	3	9	73		Southern Connecticut St.	USA
Hucles, Phil	2	D	6	1	170	6	17	82		William & Mary	USA
Hudock, Dusty	1	GK	6	2	186	9	4	72		Washington	USA
Hudson, Kevin	0		6	3	210	10	22	81			
Hunjak, Goran	6	F	5	9	165	11	13	65		Abroad	Croatia
Hurtado, Eduardo	6	F	6	3	200	1	12	69		Abroad	Ecuador
Huseinovic, Mirsad	4	M	5	11	180	11	26	68		Brooklyn College	USA
Huwiler, Mike	4	M	5	11	160	1	4	72		Virginia	USA
Ianni, Tayt	2	D	5	6	160	12	6	71		UCLA	USA
Imler, Erik	2	D	5	9	165	6	1	71		Virginia	USA
Inneh, Ernest	6	F	5	10	165	9	25	70		Brooklyn College	
Iribarren, Ricardo	2	D	6	0	175	11	2	67		Abroad	Argentina
Iroha, Ben	2	D	5	8	154	11	29	69		Abroad	Nigeria
Isaacs, Peter	6	F	6	0	180	8	18	68			
Jachym, Rob	6	F	6	0	162	10	28	74		Hartford	USA
Jackson, Colby	6	F	6	0	175	2	22	77		Cal State Fullerton	
Jackson, Kevin	4	M	5	11	155	7	5	78			
Jahr, Chris	2	D						75		Wisconsin-Milwaukee	USA
Jair	4	M	5	8	155	12	17	74		Abroad	Cape Verde
Jairo Trellez, John	6	F	5	11	172	6	29	68		Abroad	Colombia
Jakins, Tahj	2	D	6	2	182	11	11	75		UCLA	USA
Jara, Guillermo	6	F	5	8	155	10	20	73		San Diego	USA
Jemmott, Kerwyn	0					8	24	78			Trinidad
John, Stern	6	F	6	1	180	10	30	76		Mercer County CC	Trinidad
Johnson, Brian	6	F	5	7	150	3	7	74		Fresno State	USA
Johnson, Rob	6	F	5	11	175	2	10	73		Rutgers	USA
Johnston, Mo	6	F	5	10	160	4	13	63		Abroad	Scotland
Jones, Gabe	4	M	5	8	155	1	21	73		St. Edward's	USA
Jones, John	4	M	6	0	165	11	23	73		Sacramento State	USA
Joseph, Miles	4	M	5	9	165	5	2	74		Clemson	USA
Kalonji, Nansha	6	F	6	1	175	2	16	73		Ramapo	Belgium
Karapetyan, Harut	6	F	5	9	165	4	7	72		Abroad	USA
Karn, Phil	0					7	3	75			
Kartes, Gus	6	F	5	11	160	10	12	81		High School	USA
Keegan, Paul	6	F	6	1	175	12	30	72		Boston College	Ireland
Kelderman, Kris	2	D	6	1	185	12	10	68		Virginia	USA
Keller, Josh	4	M	5	10	155	2	16	75		UCLA	USA
Kelly, Brian	4	M	5	7	140	10	6	74		Duke	USA
Ken-Kwofie, Louis	4	M	5	11	175	2	6	69			
Kerr, John	4	M	5	9	160	3	6	65		Duke	USA
Key, Lance	2	D	6	0	180	7	27	78		Trinity (SA)	USA
Khakpour, Mohammad	2	D	5	10	165	2	20	69		Abroad	Iran
Khakpour, Mohammed	2	D	5	10	165	2	20	69		Abroad	Iran
Khumalo, Doctor	4	M	6	1	170	6	26	67		Abroad	South Africa
Kinnear, Dominic	4	M	5	11	160	7	26	67		Hartwick	USA
Kirk, Andy	1	GK	6	0	177	10	3	77		Maryland	USA
Kirk, Joey	6	F	5	10	165	8	21	66			
Klein, Steve	4	M	6	2	180	5	11	75		Bowling Green	USA
Klinger, Fausto	2	D	5	10	172	11	4	76			Ecuador
Klinger, Martin	6	F	5	11	140	7	9	80			Ecuador
Klopas, Frank	6	F	5	9	155	1	19	66		High School	USA
Kmosko, Matt	2	D	6	1	173	1	8	72		Hartwick	USA
Knight, Kevin	2	D	6	1	175	10	22	76		James Madison	USA
Knowles, Matt	2	D	6	1	190	10	7	70		High School	USA
Koetters, Kevin	4	M	6	0	168	9	11	68		Rockhurst	USA
Kooiman, Cle	2	D	6	1	190	7	4	63		San Diego State	USA
Kosecki, Roman	4	M	5	8	165	2	15	66		Abroad	Poland
Kotschau, Richard	2	D	5	10	175	11	22	75		George Mason	USA
Kozic, Alen	4	M	6	0	170	9	27	76		FIU	Serbia
Krakowiak, Wojtek	4	M	5	6	140	8	6	76		Clemson	Poland
Krupnik, Leo	2	D				7	15	79			
Kubik, Lubos	2	D	6	3	195	1	20	64		Abroad	Czech Republic
Kuhn, Tony	6	F	6	2	185	12	15	75		Vanderbilt	USA
Kvello, Eric	6	F	6	1	165	2	12	77		Georgetown	USA
Kydes, Mickey	4	M	6	0	180	7	25	64		Long Island	USA
Lagerwey, Garth	1	GK	6	0	165	12	12	72		Duke	USA
Lagos, Manuel	4	M	6	0	165	6	11	71			USA
Lak, Peter	2	D	6	2	185	4	20	73		Cal State Fullerton	USA
Lalas, Greg	4	M	6	1	185	3	27	73		Brown	USA
Laterza, Gerardo	4	M	6	0	175	7	1	74		High School	USA
Lavin, Brian	2	D				1	3	77			
Lavrinenko, Yuri	4	M	6	0	175	6	12	77		Indiana	Ukraine
Leber, Scott	4	M				2	18	79			USA
Ledesma, Carlos	4	M	5	11	170	1	18	64			Argentina
Lee, Thor	2	D	6	0	165	6	5	65		CSU Northridge	USA
Leitch, Christopher	2	D	5	11	165	4	1	79			USA
Lembryk, Stan	4	M	5	8	160	8	8	69			
Lewis, Andrew	2	D	6	1	175	9	10	74		Princeton	USA
Lewis, Eddie	4	M	5	10	155	5	17	74		UCLA	USA
Limpar, Anders	4	M	5	8	161	9	24	65		Abroad	Sweden
Lindenmayer, Christof	6	F	5	8	140	4	21	77			
Lindenmeyer, Christof	6	F	5	8	140	4	21	77			
Liner, Tom	1	GK	6	0	183	11	27	70		CSU Chico	USA
Lips, Tom	2	D	5	11	170	6	25	68		Farleigh Dickinson	USA
Loftin, Brian	6	F	5	10	172	4	4	72		Evansville	USA
Longenecker, Brent	4	M	5	11	165	2	6	72		Rutgers	USA
Longo, Mario	4	M	5	11	168	12	3	80			USA
Lowe, Onandi	6	F	6	3	195	12	2	74		Abroad	Jamaica
Lozzano, Lawrence	2	D	6	1	185	7	25	70		High School	USA
Luiz, Joao	2	D	6	0	170	6	23	71		Abroad	Brazil
Lukin, Eric	6	F	5	11	160	6	14	79			
Lyssand, Lars	4	M				12	29	79			
Machon, Martin	4	M	5	10	160	2	4	73		Abroad	Guatemala
Mack, Ryan	4	M	5	10	160	11	13	79			USA
Maessner, John	4	M	5	10	162	6	2	69		Virginia	USA
Maliza, Johanes	4	M	5	8	160	9	10	81			USA
Manganello, Jim	4	M	5	10	165	12	8	76			
Marcoullier, Paul	1	GK	5	6	140			75.5		George Mason	USA
Marino, Pete	6	F	5	8	145	4	23	73		Brevard CC	USA
Mariscalco, Michael	4	M	5	11	170	8	27	80			USA
Marks, Seth	2	D	5	9	160	1	6	78			
Marquinho	4	M	5	10	155	11	11	66		Abroad	Brazil
Martin, Tim	2	D	5	11	165	4	12	67		Fresno State	USA
Martinez, Chris	2	D	6	2	190	12	25	70		High School	USA
Martinez, Joey	2	D	6	1	150	12	28	75		High School	USA
Martinez, Jorge	0					5	20	79			
Martinez, Saul	6	F	5	8	156	1	1	76			Honduras
Matthaus, Lothar	2	D	5	8	155	3	21	61		Abroad	Germany
Maurin, Ty	4	M	5	9	165	8	16	82		UCLA	USA
Mayard, Josue	2	D	5	10	170	3	10	80		Farleigh Dickinson	Canada
McGill, David	0		5	9	170	10	24	81			
McGinty, Mike	1	GK				8	17	71			
McGowan, Ryan	0		5	8	155	6	10	81			
McKay, Josh	4	M	6	0	175	11	16	71		San Francisco	USA
McLaren, Paulinho	6	F	5	11	170	8	28	63		Abroad	Brazil
McLaughlin, Tom	6	F	5	10	180	2	3	76		Harvard	USA
McManus, Tony	0		5	10	155	9	20	80			USA
Medved, Shawn	4	M	5	11	172	6	16	67		Evergreen State	USA
Mehreioskouei, Hamid	6	F	5	11	160	2	15	81			
Mella, Victor	6	F	5	9	152	11	14	74		UNLV	Chile
Merkel, Randy	2	D	5	10	170	3	20	76		Maryland	USA
Michallik, Janusz	4	M	5	11	170	4	22	66		Abroad	Poland
Miglioranzi, Stefani	0					9	20	77			USA
Miguez, Sergio	2	D	5	7	150	6	9	67			Argentina
Miller, Todd	4	M	6	1	180	11	29	73		Westminster	USA
Mintah, Ishmael	6	F				9	21	79			
Miranda, Edwin	2	D	6	0	170	1	28	81			
Mitchell, Jamel	4	M	6	1	195	5	26	75		Sacramento State	USA
Mohammed, Dahir	2	D	6	2	180	3	17	73		CW Post	Ethiopia
Molnar, Miklos	6	F	6	1	175	6	10	70		Abroad	Denmark
Moneme, Obi	4	M	6	0	180	3	2	75			USA
Montoya, Alberto	4	M	5	6	145	2	19	75			USA
Moore, R.T.	2	D	6	0	175	1	7	76		Maryland	USA
Morales, Jose Luis	6	F	5	9	165	8	2	73		Abroad	Spain
Moses, Matt	4	M				1	31	79			
Motajo, Manny	2	D	6	0	156	2	13	70		Howard	Nigeria
Mucino, Mike	6	F	5	10	170	4	25	77			
Mulraine, Travis	4	M	5	10	160	5	2	77		Abroad	Trinidad
Munnelly, Martin	4	M	5	11	165	11	11	69		Columbia	USA
Munoz, Albert	4	M	5	7	150	11	28	81			Venezuela
Munoz, Alberto	0					11	28	81			Venezuela
Munoz, Joe	6	F	5	10	157	3	16	76			USA
Murriagui, Andres	4	M	5	6	150	2	22	81			
Myers, Roy	4	M	6	1	172	4	13	69		Abroad	Costa Rica
Nakhid, David	4	M	6	1	180	5	15	64		American	Trinidad
Namazi, Omid	2	D	5	10	165	12	8	65			USA
Napoleon, Matt	1	GK	6	1	175	8	18	77		Columbia	USA
Narine, Adrian	6	F	5	11	149	10	30	77		Abroad	
Navarro, Roberto	0					1	31	79			
Naveda, Alberto	6	F	5	9	165	11	23	71		Abroad	Argentina
Ndiaye, Mansour	6	F				3	12	80			
Neely, Doug	0		6	0	163	5	31	65			
Neibles, Hemir	4	M				1	1	80			
Nerine, Adrian	6	F	5	11	149	10	30	77			
Neto, Adauto	0		5	10	178	12	31	80			
Ngon, Ali	6	F	5	11	200	9	4	81			Canada
											
Noamouz, Arash	4	M	6	0	170	6	6	67		Abroad	Iran
Noetzel, Johann	1	GK						77			USA
Norkus, Caleb	0					3	14	79			
Nugent, Michael	6	F	5	9	155	2	10	80		Princeton	USA
Nunley, Andre	2	D	6	0	170	5	22	74		Colorado College	USA
Nusum, John Barry	6	F				3	18	81		Furman	Bermuda
O'brien, Leighton	4	M	5	10	162	3	14	76		San Diego	USA
Occean, Olivier	6	F	6	1	180	10	23	81		Southern Connecticut St.	Canada
Okafor, Uche	2	D	6	3	190	8	8	67		Abroad	Nigeria
Okaroh, Francis	2	D	6	0	170	8	25	63		Boston University	Nigeria
Okoh, Matt	6	F	6	2	185	5	19	72		Denver	USA
Olalere, Patrick	6	F	6	2	190	4	28	71		Carson Newman	Nigeria
Olamendi, Jorge	0		5	6	141	4	30	76			
Onalfo, Curt	2	D	6	2	185	11	19	69		Virginia	Brazil
Ortiz Solis, Fernando	0					11	9	82			
Ortiz, Rene	2	D	5	9	155	4	23	69			USA
Oshoniyi, Adegboyega	1	GK	6	1	190	11	3	71		Southern Connecticut St.	USA
Otero, Antonio	4	M	5	11	170	5	20	77		American	USA
Ozimek, Erik	0		5	10	176	3	7	80			
Palacios, Arley	2	D	6	1	175	6	10	73		Abroad	Colombia
Parra, Carlos	4	M	6	0	175	2	3	77		High School	USA
Patino, David	5	M/F	5	8	150	9	6	67		Abroad	Mexico
Payne, Russell	1	GK	6	1	185	7	13	75			USA
Paz, Adrian	6	F	5	10	168	9	9	68		Abroad	Uruguay
Peart, O'neil	0					10	11	76		Virginia	
Peay, Clint	2	D	6	0	165	9	16	73		Virginia	USA
Pecorelli, Lindon	0		5	9	170	1	1	82			
Peinado, Daniel	4	M	5	10	155	9	28	67		Abroad	Argentina
Pena, Danny	4	M	6	0	165	6	17	68		High School	USA
Perry, Jason	0		6	3	185	4	11	81			
Peters, Nyanforth	6	F	5	6	160	12	6	71		Park College	USA
Petras, Doug	1	GK	6	3	205	7	29	72		Robert Morris	USA
Pickens, Matt	0		6	3	200	5	5	82		Southwest Missouri St.	USA
Piet, Jeremy	0					11	23	79			USA
Pilarski, Ian	0		5	9	165	4	6	82			USA
Pinon, Ed	4	M	5	10	155	5	26	71			USA
Piserchio, Michael	3	D/M	6	1	178	6	26	80			
Pittman, Steve	2	D	5	10	184	7	18	67		Abroad	Scotland
Podbrozny, Jerzy	4	M	5	10	170	12	17	66		Abroad	Poland
Pogue, Eric	0					12	8	76			
Polic, Ivan	4	M	6	0	160	8	13	73		SMU	Yugoslavia
Pollard, Brandon	2	D	5	11	168	10	9	73		Virginia	USA
Popik, Daniel	1	GK	6	3	200	3	23	79		St. John's	USA
Porter, Caleb	4	M	5	9	155	2	18	75		Indiana	USA
Potteiger, Derek	4	M	5	11	173	1	6	80			
											
Prampin, Alan	6	F	5	7	165	11	30	71		SMU	USA
Prince, Chad	2	D	5	11	175	7	19	79		Virginia	USA
Pulido, John	0		5	10	165	10	3	81			
Pusek, Marin	0		5	9	160	6	29	80			Canada
Puskarich, Ed	2	D	6	0	160	4	4	62		SMU	USA
Quesada, David	6	F						71		Abroad	USA
Radosavljevic, Predrag	4	M	5	9	165	6	24	63		Abroad	Serbia
Ragusa, Joseph	2	D	5	8	150	11	19	76			
Rammel, Steve	6	F	5	9	160	4	20	68		Rutgers	USA
Ramos, Mauricio	4	M	5	9	160	9	23	69		Abroad	Bolivia
Ravelli, Thomas	1	GK	6	2	185	8	13	59		Abroad	Sweden
Reasoner, Tommy	6	F	5	8	153	10	27	67		Tampa	USA
Restrepo, Andrew	2	D	6	2	175	10	8	70		South Florida	USA
Richards, Kevin	0		5	8	147	12	23	81			
Richardson, Michael	2	D				10	8				USA
Rideout, Paul	6	F	5	11	168	8	14	64		Abroad	England
Rincon, Alejandro	4	M	5	7	150	2	3	77			
Rinker, Travis	2	D	6	1	200	5	4	68		Bridgeport	USA
Ritchie, Bryn	2	D				11	28	79			
Rivillo, Angel	4	M	5	7	150	7	25	78		Creighton	Venezuela
Rizi, Marco	2	D	6	1	185	9	15	68			Canada
Rocha, Carlos	6	F	5	10	165	12	4	74		Abroad	Portugal
Rocha, Maurizio	4	M	5	9	165	8	2	76		Connecticut	Bolivia
Rodas, Jorge	4	M	5	6	160	10	7	71		Abroad	Guatemala
Rodriguez, Edmundo	4	M	5	6	205	4	22	70			
Rodriguez, Eduardo	4	M	6	4	205	4	22	70			
Rodriguez, Esmundo	6	F	5	8	140	5	25	77		Indiana	USA
Rodriguez, Felipe	4	M	5	7	160	9	12	75		high school	USA
Rodriguez, Washington	4	M	5	7	145	1	12	70		Abroad	Uruguay
Rosenband, Andy	6	F	5	7	160	4	27	81		Ohio State	USA
Rudman, Silvio	4	M	6	1	180	3	4	69		Abroad	Argentina
Russell, Robert	2	D				7	16	79		Duke	USA
Rzepa, Miroslaw	2	D	6	0	171	12	27	68		Abroad	Poland
Saavedra, Miguel	4	M				7	3	83			
Sabanadzovic, Refik	4	M	5	11	165	8	8	65		Abroad	Bosnia
Sahaydak, Tim	2	D	6	1	168	6	1	77		UNC	USA
Sakuda, Kevin	0		6	1		6	18	80			
Salas, Sergio	4	M	5	8	154	3	21	81		high school	Bolivia
Salcedo, Jorge	2	D	6	1	175	9	27	72		UCLA	USA
Salzwedel, Dave	1	GK	6	1	180	6	15	68		Cal Lutheran	USA
Sanchez, Hugo	6	F	5	8	160	7	11	58		Abroad	Mexico
Sanchez, Wellington	4	M	5	11	185	6	19	75		Abroad	Ecuador
Sanfilipo, Frank	0		5	11	185	9	8	81			
Santel, Mark	4	M	5	10	165	7	5	68		SLU	USA
Sastoque, Juan	6	F	6	2	175	6	26	77			USA
Saunders, Josh	1	GK	6	4	210	3	2	81			USA
Savarese, Giovanni	6	F	6	0	180	7	14	71		Long Island	Venezuela
Sawatzky, Darren	6	F	5	10	160	2	22	73		Portland	USA
Scavo, Peter	6	F	6	1	180	3	18	78			
Schell, Dominic	4	M	5	7	155	7	27	77		Mobile	USA
Schneider, Paul	6	F				6	24	76			USA
Schulte, Mark	2	D	6	2	205	10	4	77		Dayton	USA
Sebapole, Brian	6	F	5	8	150	10	9	75			South Africa
Semioli, Mark	2	D	6	0	175	3	20	68		Stanford	USA
Sequeira, Alejandro	6	F	5	11	183	4	27	75		Abroad	Costa Rica
Serna, Thomas	6	F	6	0	165	11	30	79			
Sharpe, Richard	6	F	6	2	180	1	15	67		FIT	England
Shue, Andrew	6	F	5	9	150	2	20	66		Dartmouth	USA
Silvera, Damian	4	M	5	8	160	7	27	74		Virginia	USA
Simmonds, Greg	6	F	6	3	190	12	16	75		Howard	Jamaica
Simpson, Mark	1	GK	6	0	175	3	18	66		Eastern Illinois	USA
Sleeth, William	2	D	5	11	170	10	23	79			USA
Slivinski, Mike	4	M	5	7	165	10	31	74		Virginia	USA
Smalls, Lawrence	2	D				3	13	80			
Smith, Rob	4	M	5	10	150	8	20	73		South Carolina	USA
Snitko, Chris	1	GK	6	3	195	1	24	73		UCLA	USA
Soehn, Tom	2	D	5	10	175	4	15	66		Western Illinois	USA
Solis, Mauricio	4	M	5	8	155	12	13	72		Abroad	Costa Rica
Sonora, Diego	2	D	5	8	165	7	17	69		Abroad	Argentina
Sorber, Mike	4	M	5	10	165	5	14	71		SLU	USA
Soto, Tony	2	D	6	0	187	10	1	76		SMU	USA
Spears, Mark	1	GK				4	30	79			
Squadrone, Leonardo	2	D	6	2	180	12	1	71		Abroad	Argentina
St. Andre, Jim	1	GK	6	1	175	2	15	68		Vermont	USA
Stafford, Ben	0					12	11	78			
Stebbins, Dan	6	F	5	10	170	11	13	69		Notre Dame	USA
Suarez, Juan Berthy	6	F	5	10	155	6	24	69		Abroad	Bolivia
Suarez, Temoc	4	M	5	7	155	4	19	75		UNC	USA
Sullivan, Christopher	4	M	5	10	165	4	18	65		Tampa	USA
Sunsing, William	6	F	5	10	165	5	12	77		Abroad	Costa Rica
Sutter, Alain	4	M	5	9	165	1	22	68		Abroad	Switzerland
Sutton, Greg	1	GK	6	6	215	4	19	77		St. Lawrence	USA
Swann, John	2	D	5	10	180	9	27	79			
Sweeney, Casey	2	D	5	9	170	1	8	74			
Swenda, Phil	6	F	5	8	165	4	22	81			
Swift, Barry	6	F	5	9	150	11	11	76		high school	USA
Takawira, Vitalis	6	F	5	9	145	9	24	72		Abroad	Zimbabwe
Tamashiro, Jerry	6	F	5	7	158	3	18	71			Peru
Tardieu, Patrick	6	F	6	0	179	6	9	68		Abroad	Haiti
Taylor, Brian	5	M/F	6	0	170	7	23	75		Fresno State	USA
Taylor, Kevin	0		6	5	180	11	4	82			
Tennyson, Mckinley	6	F	6	2	189	3	24	79			USA
Thieman, Joey	4	M	5	7	150	4	17	72			USA
Thomas, Keyeno	3	D/M	6	2	194	12	29	77		Abroad	Trinidad
Thomas, Roger	4	M	5	9	170	3	17	73		FIU	Jamaica
Thomas, Sheldon	6	F						74			
Thompson, Billy	6	F	5	6	135	5	5	68		UCLA	USA
Tinsley, Ryan	2	D	5	9	155	10	1	71		Fresno State	USA
Totten, Steve	4	M				1	7	80			
Traegger, Jake	2	D	5	11	165	4	16	80			USA
Tranchilla, Mike	6	F	5	10	165	6	9	81		Creighton	USA
Trellez, John Jairo	6	F	5	11	172	6	29	68		Abroad	Colombia
Trittschuh, Steve	2	D	6	0	170	4	24	65		Southern Illinois	USA
Trotman, Mickey	6	F	5	9	175	10	21	74		Mobile	Trinidad
Trout, Ryan	0					11	9	78			USA
Tsakiris, Shaun	4	M	5	7	155	2	16	79			
Uderitz, Scott	4	M	5	10	175	5	17	70		UNLV	USA
Ueltschey, Michael	1	GK	6	2	195	4	14	80		UNC	USA
Ukrop, Rob	6	F	6	2	185	4	5	70		Davidson	USA
Ukrop, Robert	6	F	6	2	185	4	5	70		Davidson	USA
Unger, Chris	4	M	5	9	160	3	4	68		Princeton	USA
Urbanyi, Istvan	4	M				4	17	66		Abroad	Hungary
Urbas, Hermann	4	M	6	0	165	6	18	82			Germany
Uribe, Francisco	6	F	5	11	170	1	11	66		Abroad	Mexico
Utush, Ali John	6	F				11	1	77			
Valencia, Adolfo	6	F	6	1	158	2	6	68		Abroad	Colombia
Van Saun, Jesse	6	F	5	9	160	4	20	76		St. John's	USA
Vanney, Greg	2	D	5	11	169	6	11	74		UCLA	USA
Vargas, Nelson	4	M	5	7	150	8	6	74		high school	USA
Vasquez, Jose	6	F	6	0	174	3	20	69			USA
Vasquez, Martin	2	D	6	0	178	12	24	63		Cal State Los Angeles	Mexico
Vazquez, Martin	2	D	6	0	178	12	24	63		Cal State	Mexico
Vega, Marcelo	4	M	5	9	169	8	12	71		Abroad	Chile
Velez, Marco	2	D	6	2	195	6	26	80			Puerto Rico
Vermillion, Scott	2	D	5	11	175	12	23	76		Virginia	USA
Viera, Diego	6	F	6	2	180	4	10	72		Abroad	Uruguay
Villar, Ricardo	4	M				8	11	79			
Vorbe, Sebastien	4	M	5	10	170	6	4	76		FIU	Haiti
Vuckovic, Bojan	6	F	5	11	175	7	17	70		Franklin Pierce	Serbia
Vukovic, Bojan	6	F	5	11	175	7	17	70		Franklin Pierce	Serbia
Wagenfuhr, David	0		5	9	160	6	22	82		Creighton	USA
Waldir	6	F	5	9	155	5	15	73		Abroad	Peru
Walls, Nick	6	F	5	11	165	3	31	81			USA
Waltrip, Brian	6	F	6	1	171	1	12	78			
Ward, Brandon	4	M	5	9	160	12	11	72		Indiana	USA
Watson, Mark	2	D	6	0	170	9	8	70		Abroad	Canada
Weaver, Tim	2	D	5	11	170	4	30	75		San Francisco	USA
Webber, Wade	2	D	6	3	195	1	12	67		Portland	USA
Wegerle, Roy	6	F	5	11	170	3	19	64		South Florida	USA
Weinstein, Cordt	6	F	5	6	160	3	2	72			USA
Weiszmann, Richard	2	D	6	1	171	4	8	72		UC Berkeley	USA
Welton	6	F	5	9	145	4	17	75		Abroad	Brazil
Wescott, Sterling	6	F	5	4	135	1	30	72		Fresno State	USA
Westfield, Dimelon	0		5	9	165	10	5	79			
White, Jeremiah	0		5	9	165	4	3	82		Wake Forest	USA
White, Marquis	6	F	5	7	145	3	1	69		San Francisco	USA
Wilson, Brad	4	M	5	10	160	11	19	72		Cal State Fullerton	USA
Wilson, Kirk	4	M	5	10	155	10	7	77			USA
Wilson, Mike	0		5	11	165	11	25	80			
Winner, David	1	GK	6	1	185	4	23	71		Tampa	USA
Winters, Brian	4	M	5	11	170	12	31	77			
Wise, Evans	4	M	6	0	155	1	23	73		Mercer County CC	Trinidad
Woan, Ian	4	M	5	10	163	12	14	67		Abroad	England
Wood, A.J.	6	F	6	2	195	8	17	73		Virginia	USA
Woodring, Peter	4	M	5	10	175	2	5	68		UC Berkeley	USA
Woods, Alan	2	D	6	0	170	9	12	78		Clemson	USA
Woods, Chris	1	GK	6	3	190	11	14	59		Abroad	England
Woodworth, Hayden	4	M	5	9	155	12	12	80			USA
Woolfolk, Corey	0					2	2	79			
Wright, David	2	D	6	4	185	4	8	78		Creighton	
Wright, Mauricio	2	D	6	3	175	12	20	70		Abroad	Costa Rica
Wright, Paul	6	F	5	9	180	7	29	69		high school	USA
Wylie, Kevin	4	M	6	2	200	6	12	68		?	USA
Wynalda, Eric	6	F	6	1	172	6	9	69		San Diego State	USA
Yallop, Frank	2	D	5	10	160	4	4	64		Abroad	Canada
Yorks, Lyle	4	M	6	0	165	1	30	70		Virginia	USA
Young, Paul	4	M	5	9	160	4	11	68		Syracuse	Jamaica
Zapala, Adam	0					12	28	77			
Zaun, Jeff	2	D	6	0	165	4	2	71		Rutgers	USA
Zawislan, Tom	1	GK	6	2	195	6	30	78			
Zenga, Walter	1	GK	6	2	191	4	28	60		Abroad	Italy
Zico	6	F						67		Abroad	Brazil
Ziober, Jacek	6	F	5	9	170	11	18	65		Abroad	Poland
Zuniga, Fabio	6	F	5	7	145	6	11	81		Raritan Valley CC	Colombia
Peguero, Jean-Phillipe		F	6	1	185	9	19	81		Abroad	Haiti
Belleh, Perek		M	6	1	173	1	2	82		Rhode Island	Nigeria
Besagno, Nikolas		M				11	15	88		Bradenton	USA
Guzan, Brad		GK	6	4	210	9	9	84		South Carolina	USA
Barrett, Chad		F	5	11	180	4	30	85		UCLA	USA
O'Rourke, Danny		M	6	0	165	5	31	83		Indiana	USA
Ihemelu, Ugo		D	6	0	184	4	3	83		SMU	USA
Moor, Drew		D	6	0	170	1	15	84		Indiana	USA
Freeman, Hunter		D	5	11	170	1	8	85		Virginia	USA
Roberts, Troy		D	5	10	170	9	18	83		UC Berkeley	USA
Parkhurst, Michael		D	5	10	155	1	24	84		Wake Forest	USA
Stewart, Jack		D	6	2	180	5	29	83		Notre Dame	USA
Sealy, Scott		F	5	10	175	6	4	81		Wake Forest	Trinidad
Ward, Tim		D	6	0	165	2	28	87		SLU	USA
Watson, Jamie		F				4	10	86		UNC	USA
Jimenez, Christian		M	5	10	165	11	3	86		South Florida	USA
Enfield, Mike		M	5	7	150	7	19	83		UCLA	USA
Pore, Ryan		F	5	11	165	9	23	83		Tulsa	USA
Goldthwaite, Kevin		D	6	1	175	12	9	82		Notre Dame	USA
John, Will		M	5	9	145	6	13	85		SLU	USA
Van Sicklen, Nick		M	6	1	165	2	1	83		Wisconsin	USA
Storey, Marcus		M	5	9	155	11	9	82		UNC	USA
Riley, James		D	5	10	150	10	27	82		Wake Forest	USA
Nolly, Jay		GK				1	2	82		Indiana	USA
Mediate, Domenic		M	5	9	165	6	1	82		Maryland	USA
Sawyer, Christopher		GK	6	2	190	10	20	82		Notre Dame	USA
Corcoran, Chris		M	5	9	165	3	30	83		St. John's	USA
Lopez, Aaron		D	5	11	170	2	28	83		UCLA	USA
Marshall, Winston		D	6	0	160	2	26	83		Wright State	Canada
Gomez, Chris		GK	6	2	190	8	4	83		Brown	USA
Rolfe, Chris		F	5	8	145	1	17	83		Dayton	USA
Arbelaez, Victor		M	5	11	170	8	7	82		UNLV	USA
Ramirez, Orlando		F	6	0	155	8	19	83		Fresno Pacific	USA
Klaas, C.J.		D	5	7	170	8	23	83		Washington	USA
Lochhead, Tony		D	6	0	175	1	12	82		UC Santa Barbara	New Zealand
Kirk, Quavas		F	6	1	165	4	13	88		Bradenton	USA
Segares, Gonzalo		D	5	11	162	10	13	82		Virginia	Costa Rica
Khumalo, Thabiso		M	5	10	160	10	27	80		Coastal Carolina	South Africa
Kreamalmeyer, Luke		M				9	28	82		Bradley	USA
Arias, Esteban		D	5	10	180	8	26	82		Connecticut	USA
Deitz, Karim		F	5	9	150	6	27	83		Birmingham-Southern	Germany
Nash, Julian		F	6	0	185	3	1	83		Creighton	USA
Jallow, Antou		F	6	0	165	6	11	81		Wisconsin-Milwaukee	Sweden
Twellman, James		D	5	10	165	12	24	82		Stanford	USA
Melamed, Guy		D	6	1	185	9	12	79		Boston College	Israel
Cameron, Knox		F	6	3	201	9	17	83		Michigan	USA
Lowery, Amir		M	6	2	180	12	26	83		Wake Forest	USA
Chisoni, Mubarike		M	5	8	140	5	10	81		Coastal Carolina	Zimbabwe
Minagawa-Webster, John		M	5	9	155	8	12	82		Michigan State	USA
Merritt, Tim		D				6	25	82		UNC	USA
Rhyne, Steven 		M								Clemson	USA
Barragan, Javier		GK				11	14	80		CSU Dominguez Hills	USA
Cook, Justin		F				10	28	80		Ohio State	USA
Wilson, Kevin		M				7	25	80		San Diego	USA
Rodriguez, Brett		D				4	8	83		Creighton	USA
Hernandez, Jason		D				8	26	83		Seton Hall	USA
Gotsmanov, Sasha		F				9	19	82		Rhode Island	USA
Oliver, Matt		D				11	5	81		Virginia	USA
Gaudette, Bill		GK				9	14	81		St. John's	USA
Benditson, Ben		D				2	16	83		CSU Northridge	USA
Ruiz, Edwin		F				10	19	79		Hartwick	Honduras
Nickell, Matthew		F				7	11	83		Drake	USA
											
Matute, Helmis		M				3	27	81		Virginia Commonwealth	USA
Mahoney, David		GK				4	14	81		Cornell	USA
Thompson, Abe		F				1	12	82		Maryland	USA
Holmes, Jamie		F				4	4	83		Birmingham-Southern	USA
Fulton, Robby		GK				6	2	82		Stanford	USA
McAthy, Drew		F				9	10	82		UC Santa Barbara	USA
Vasquez, Eric		M				11	18	82		Central Florida	USA
Latham, Ryan		F				11	18	82		SMU	USA
Kovar, Matt		D				2	15	83		Loyola Marymount	USA
Pitchkolan, Aaron		D				3	14	83		West Virginia	USA
Cavanagh, Drew		D				8	27	82		College of Charleston	USA
Palmer, Noah		GK				4	21	83		Maryland	USA
Munoz, Mike		M				9	14	80		UC Berkeley	USA
Karcz, Chris		M								Rutgers	
Schwarze, Chris		D								San Francisco	
Merl, Noah		D				6	4	83		UC Berkeley	USA
Hannigan, Pat		GK								Temple	
Sepuya, Eugene		F				4	1	83		Alabama A&M	Uganda
Kelly, Ryan		D				11	1	81		St. John's	USA
Wilson, Easton		M				6	10	83		Connecticut	USA
Shaw, Ryan		F				11	6	82		UC Davis	USA
Lascody, Doug		M				3	8	83		Southwest Missouri St.	USA
Terris, Andrew		GK				9	26	81		Stanford	USA
Knowles, Cameron		D				10	11	82		Akron	New Zealand
Kennedy, Dan		GK				7	22	82		UC Santa Barbara	USA
Donaldson, Hollis Ryan		D				9	1	83		Liberty	USA
Tamporello, Sammy		M/F				8	20	82		Ohio State	USA
Wondolowski, Chris		M				7	28	83		CSU Chico	USA
Vasquez, Usiel		F								Southern Connecticut St.	
Gargan, Dan		D								Georgetown	
Lee, Chris		F				12	28	82		Marquette	USA
Larentowicz, Jeff		D				8	5	83		Brown	USA
Gallegos, Jeremiah		F				9	7	81		Cincinnati	USA
Caugherty, Ryan		D				9	23	82		Wake Forest	USA
Kuykendall, Shawn		M				2	21	82		American	USA
Ramirez, Ramon		M				12	5	69		Abroad	Mexico
Cuadros, Hector						3	20	83		Abroad	Mexico
Guppy, Steve						3	29	69		Abroad	England
Boswell, Bobby						3	15	83		FIU	USA
Mendes, Carlos						12	25	80		Old Dominion	USA
Rojas, Marlon						11	11	79		Tampa	Trinidad
Umana, Michael						7	16	82		Abroad	Costa Rica
Ramirez, Guillermo						3	26	78		Abroad	Guatemala
Nagamura, Paulo						3	2	83		Abroad	Brazil
Morales, Martin						11	30	78		Abroad	Uruguay
Guerrero, Ivan						11	30	77		Abroad	Honduras
Cassio						1	8	80		Abroad	Brazil
Chinchilla, Pablo						12	21	78		Abroad	Costa Rica
Mendoza, Francisco						4	29	85		Abroad	Mexico
Nkong, Alain						4	6	79		Abroad	Cameroon
Romo, Isaac						3	23	83		Abroad	Mexico
Simms, Clyde						8	21	82		East Carolina	USA
Caballero, Samuel						12	24	74		Abroad	Honduras
Donaldson, Hollis						9	1	83		Liberty	USA
Johnson, Will						1	21	87		Abroad	Canada
Montz, Jared						12	26	82		Lynn	USA
Thiago						4	7	82		Abroad	Brazil
Torres, Mario						4	7	82		Abroad	Mexico
Yi, Alex						3	21	82		UCLA	USA
Sequeira, Douglas						8	23	77		Abroad	Costa Rica
Naldo						2	6	76		Abroad	Brazil
Begines, Armando						3	26	83		Abroad	Mexico
Blanco, Milton						4	27	84		Fresno Pacific	USA
Erush, Michael						1	24	83		Loyola Marymount	USA
Loera, Alfonso						12	4	78		Abroad	Mexico
Flores, Sergio						2	22	85		High School	USA
Lookingland, Michael						9	13	83		Bucknell	USA
Cutler, Kenny						3	8	82		Clemson	USA
Novak, Kevin						9	1	82		Loyola Marymount	USA
Acosta, Adam						8	3	82		Redlands	USA
Rivera, Raul						3	7	82		Fresno City	USA
Woods, Alex						10	7	82		Trinity (SA)	USA
Hutton, Martin						1	21	82		SLU	USA
Roberts, Brian						8	28	82		Yale	USA
Branan, Dustin						5	21	81		Brown	USA
Romaneiro, Marcos						6	11	83		Brown	Brazil
Cooke, Terry						8	5	76		Abroad	England
Fitzpatrick, Leslie						11	11	78		Columbia	Trinidad
Djorkaeff, Youri						3	9	68		Abroad	France
Ibrahim, Abbe						7	25	86		Abroad	Togo
Berhalter, Gregg						8	1	73		UNC	USA
Cherundolo, Steve						2	19	79		Portland	USA
Keller, Kasey						11	29	69		Portland	USA
Onyewu, Oguchi						5	13	82		Clemson	USA
Reyna, Claudio						7	20	73		Virginia	USA
Jones, Adam						9	30	82		UIC	USA
Robinson, Kenneth										Birmingham-Southern	USA
Sunderland, Larry											
Raybould, Ryan						5	30	83		Yale	USA
Dobson, Daniel						4	20	83		Memphis	USA
Ueltschey, Mike	1	GK	6	2	195	4	14	80		UNC	USA
Bailey, Ramon						2	22	84		Mercer County CC	Jamaica
Hare, Doug										Princeton	USA
Laventure, Jerrod						1	15	83		Seton Hall	USA
Lopuski, Josh						10	2	83		Villanova	USA
Cherry, Chris										St. Francis	USA
Krause, Jeff						10	30	82		New Mexico	USA
Sagastume, Marcus						6	3	83		Air Force	USA
Elbaum, Josh						8	19	81		Oregon State	USA
Gargan, Dan						12	14	82		Georgetown	USA
Chandler, Jared						7	31	81		De Anza College	USA
Rodriguez, Mario						9	14	81		Abroad	Guatemala
Persson, Trevor						7	7	78		Cal Poly Pomona	USA
McGinnis, Pat						12	3	82		Colorado College	USA
Kim, Chuck						1	20	84		High School	USA
Tomasso, T.J.						9	10	83		SMU	USA
Edozien, Connally						6	26	77		Embry-Riddle	Nigeria
Keel, Stephen						4	11	83		Wake Forest	USA
Mina, Roberto						11	7	84		Abroad	Ecuador
Reiter, Lubos						12	3	74		Abroad	Slovakia
Gallardo, Luis						6	27	86		Abroad	Panama
Strong, Ricky										Wright State	USA
Rutledge, Andrew						8	19	80		James Madison	USA
Pedreiras, Mark						7	10	82		Seton Hall	USA
Cardenas, Michael						3	15	81		Boston University	USA
Smith, Khano						1	10	82			Bermuda
Thorrington, John						10	17	79		High School	USA
Walker, Geoff					?	4	15	70			
Zuniga, Martin						8	6	70		Abroad	Mexico
Cummins, Will						3	29	75			
Evans, Matt						8	26	78		Azusa Pacific	
Kelto, Anders						9	30	78		Michigan State	
Broadhead, Matt						3	21	79		Utah Valley State	
Jones, Bret						12	8	80		Wright State	
Strawbridge, Ben						8	19	80		James Madison	USA
Hoshimiya, Dru						8	7	81		UCLA	USA
Coundoul, Bouna						3	4	82		Albany	Senegal
Withers, Peter						9	1	82		Ohio State	USA
Allee, Adam						5	1	83		Oral Roberts	USA
Diallo, Mamadou (2)						7	16	83		Abroad	Senegal
Hinkle, Bryan						2	25	83		William & Mary	USA
Nickell, Matt						7	11	83		Drake	USA
Da Silva, Danilo						11	26	86		Abroad	Brazil
Enfield, Michael		M	5	7	150	7	19	83		UCLA	USA
Hill, Zane		D				7	16	82		Virginia	USA
Kalnasy, Shaun		GK				11	4	81		Loyola Marymount	USA
Koubouras, Athanasios						5	19	76			
Lawson, Tony		D				2	25	82		UCLA	USA
Vegas, Javier						8	17	82		Incarnate Word	Peru
Lines, Aaran						12	21	76			New Zealand
Degand, Fred						6	6	79		Bowling Green	USA
Weber, Andrew						8	9	83		New Mexico	USA
Handy, Allen										FIU	
Noel, Fabrice						7	21	85		High School	Haiti
Lopez, Rodrigo						5	10	87		High School	USA
Scarlett, Robert						1	14	79		Abroad	Jamaica
Garcia, Juan Pablo						11	14	81		Abroad	Mexico
Palencia, Juan Francisco						4	28	73		Abroad	Mexico
Erpen, Facundo						5	19	83		Abroad	Argentina
Tarley, Melvin						10	31	82		Abroad	Liberia
Garcia, Sergio						9	19	82		Abroad	Mexico
Ben Dayan, David						11	22	78		Abroad	Israel
Wilson, Mark						2	9	79		Abroad	England
Cabrera, Gustavo						12	13	79		Abroad	Guatemala
Lanes, Aaron										UC Santa Cruz	
Rusak, John											
Weatherly, Will						12	25	83		Santa Clara	USA
Snodgrass, Lance										Regis	
Rife, Josh						12	29	79		Indiana	USA
McFarlane, Omar						4	4	83			Jamaica
Roty, Tim										Albany	
Nsien, Michael						2	14	81		Dayton	USA
Bernal, Frank						3	9	84		Richland College	USA
Stovall, Anthony						2	21	82		South Carolina	USA
Corona, Rene										Santa Ana	
Upton, Matt						7	10	82		Santa Clara	USA
Farbe, Brian											
Rodway, Ian						2	15	83		Maryland	USA
Coggins, Jacob						11	28	78		High School	USA
Karalexis, Jason						4	25	78		St. Anselm	USA
Ackerman, Ryan						4	1	81		Bentley	USA
Henning, David						5	22	74			
White, Demetrius											
Hare, Jeff						4	1	82		Princeton	USA
Johnson, David						1	16	84		High School	USA
Robinson, Kenneth						2	8	83		Birmingham Southern	USA
Phillips, Ricardo						1	31	75		Abroad	Panama
Hue, Jermaine						6	15	78		Abroad	Jamaica