name	month	day	year		feet	inches	pounds	nationality
Asad, Shaker	8	18	79		5	9	165	USA
Barton, Joe	7	1	81		6	3	190	USA
Barton, Joshua	7	1	81		6	1	185	USA
Broder, Jordy	4	19	80		5	9	165	USA
Cozier, Mangea	10	23	73		5	8	170	USA
DeLima, Adilson	5	19	75					Brazil
Felippe, Carlos	11	29	76					
Fletcher, Carl	12	26	71		5	9	175	Canada
Hancock, Bryheem	3	1	80					USA
Iotov, Velko	8	26	70		5	11	175	Bulgaria
Klinger, Martin	7	9	80		5	11	140	Ecuador
Luna, Ramon	4	20	78		5	9	140	
Matis, Marcel	8	16	74					Romania
M'Bemba, Franck	12	3	78		5	9	155	
Mitchell, Byron	9	19	72		5	11	172	USA
Moore, David	5	31	80		5	10	165	
Mora, Scott	1	4	79					
Nusum, John Barry	3	18	81					Bermuda
Odera, Joard	6	1	76		6	1	180	
Okolie, Lucas	10	17	76					
Ozimek, Erik	3	7	80		5	10	176	
Parra, Juan Carlos	2	3	77					
Piesner, Brian	6	4	78					USA
Tokpah, Anthony	7	26	77		6	3	182	Liberia
Woods, Alan	9	12	78		6	0	170	USA
Thomas, Keegan								
Glasnovic, James	4	11	68					Canada
Clarke, Ian	8	16	75					
Chala, Conrad	10	8	76					Canada
DeSilva, William	9	8	77					Canada
Wimble, Shaun	12	28	77					
Kenas, Eric	12	31	77					
Auvigne, Jaime	1	14	78					Canada
Clarke, Chris	4	6	78					
Wiebenga, David	12	18	78					
Henry, Richard	2	26	79					
Wheeldon, Thomas	3	5	79					
Gareau, Dwayne	3	27	80					
Fraser, Sean	9	21	80					Canada
Gillespie, Jordan	1	9	81					Canada
Reyes, Nicky	5	19	81					Canada
Kennedy, Michael	8	16	81					
Richards, Jermaine	3	29	82					
Authers, Ajai	9	11	82					
Zuniga, Nicolas	4	20	83					Canada
Peszneker, Charles	1	4	84					Canada
Korthuis, Mark	1	22	84					
Dawes, Ian	3	16	84					
Garrity, Brendan	3	28	84					
Bachelu, Brett	9	5	84					
Mcdermott, Brett	11	19	84					
Ledgerwood, Nikolas	1	16	85					
Phelan, Terry	3	16	67					Ireland
Titus, Rick	3	10	69		6	1	175	Canada
Conway, Paul	4	17	70		6	2	180	USA
Watson, Mark	9	8	70		6	0	180	Canada
Donnelly, Seamus	5	25	71					Ireland
Maamria, Noureddine	5	26	71					Tunisia
Dixon, Linval	9	14	71		6	0	187	Jamaica
Chronopoulos, Teddy	8	16	72					USA
Hudock, Dustin	9	4	72		6	2	195	USA
Lewis, Andrew	9	10	74					USA
Klein, Steve	5	11	75		6	2	180	USA
Moore, Barry	2	4	77		5	10	165	England
Henderson, Josh	10	14	77		6	0	185	USA
Wilson, John	10	26	77					USA
Moore, Jason	4	4	78					USA
Jackson, Kevin	7	5	78		5	11	165	USA
Dore, Christopher	7	11	78					USA
Trout, Ryan	11	9	78					USA
Hoy, Bryan	12	21	78		5	10	150	USA
Degand, Fred	6	6	79					USA
Doyle, Christopher	8	30	79		6	5	205	USA
Scoullar, Blair	8	30	79					New Zealand
Beasley, Jamar	10	11	79					USA
Behncke, Matt	2	20	80					USA
Bagley, Christopher	5	20	80		5	11	165	USA
Lara, David	11	26	80					USA
Behonick, Michael	1	3	81					USA
Goos, Chris	4	16	81		5	9	167	USA
Galeano-Vasquez, Hugo	8	26	64		5	6	150	Colombia
Gajardo-San Martin, Leonardo	10	1	68		5	8	154	
Muchotrigo-Carrillo, Dario	12	17	70					Peru
Acres, Jason	4	30	71		5	9	160	
Leib, Ryan	9	15	72					
Adams, Dwayne	1	23	73					Bermuda
Andrews, Neal	5	27	73					
O'brien, Kevin	6	13	73		5	10	165	USA
Coggins, Jacob	11	28	78		6	4	190	USA
Sorzano, Jeremy	9	7	73		5	9	170	
Paul, Lee	9	18	73		5	11	180	
Calderson, Carlos	11	18	73		5	8	158	
Cassar, Jeff	2	2	74					USA
Dos Santos-Dopico, Hebert	4	3	74					
Swinehart, Dustin	7	1	74		6	0	165	USA
Hylton, Andrew	12	26	74		6	3	195	
Pinch, Mark	12	15	75		5	7	150	
Mcdermott, Andrew	2	4	76		5	11	175	USA
Johnson, Benjamin	2	10	77		5	5	155	USA
Watkins, Nathan	4	26	77		5	9	150	USA
Napoleon, Matt	8	18	77					USA
Guastaferro, Andrew	11	24	77		5	10	175	USA
Goddard, Richard	1	30	78					Trinidad
Groome, Roger	3	10	78		6	0	175	
Allen, Christopher	4	3	78		5	10	165	USA
Gomez, Jose	3	12	79		5	8	150	USA
Upton, Trevor	9	19	79					
Rife, Josh	12	29	79		6	0	185	USA
Short, Dean	3	9	80					
Long, Jonah	3	14	80		5	10	165	USA
Woodworth, Hayden	12	12	80		5	8	160	USA
Faro, Aaron	3	11	81		5	11	160	
Ward, Jacob	5	5	81					
McClellan, Chris	5	9	81					
Finklea, Timothy					6	2	180	
McAlpine, Chris								
Micustan, Marius								
Monbeck, Jeff								
Radcliffe, Joshua								
Rizzo, Rayn								
Robey, Thomas								
Godoy, Philippe	4	23	71					France
Muresan, Vasile	11	9	71					
Child, Edward	9	30	73		6	0	195	
Cipriani, John	6	5	74		5	8	149	
Yacks, Craig	3	14	76		5	9	160	
Eller, Allen	12	11	76		5	9	160	
Alavanja, Lazo	1	18	77					USA
Meyer, Robert	2	22	77					
Fisher, Benjamin	3	28	77					
DiGuardi, Robert	3	31	77					USA
Roettker, Richard	4	1	77					
Apple, Michael	6	22	77					
Sastoque, Juan	6	26	77		6	1	180	USA
David, Sergiu	8	4	77					
Loewer, Eduard	9	8	77					
Vehr, Chris	8	21	78					
Palomeque, Joaquin	8	23	78		6	1	180	
Glaser, Nick	2	11	79					
Esfahani-Alizadeh, Rasool	8	2	79					
Matis, Teodor	8	16	79		6	1	180	
Mustac, Peterias	12	13	79					
Wallace, Logan	12	14	79		5	9	170	
Murphy, Brendan	1	16	80					
Piraine, Salvator	3	25	80		6	0	192	
Pattison, Eric	5	26	80		6	3	185	
Reid, Matthew Matt	11	7	80		6	1	195	
Murriagui-Gonzalez, Carlos	2	22	81		5	4	147	USA
Traeger, Jacob	4	27	81		5	11	165	USA
Morelli, Joseph	6	4	81		6	0	175	USA
Perea, Trevor	8	19	81		5	3	135	USA
Carmichael, Byron	10	11	81					USA
Akwari, Nelson	2	4	82		6	0	180	USA
Cole, Ja								
Dore, Christopher								
Okolie, Lucas								
Piette, Jeremie								
Reiswerg, Matthew								
Carrasco, Javier					5	9	155	USA
Narita, Junro					5	7	160	Japan
McFarlane, Guillermo	1	18	71		6	0	189	USA
Dos Santos, Sidnei	3	5	71		5	9	164	Brazil
Estrada, Alfredo	2	4	74					
Rios, Sergio	12	31	75		5	11	170	
Juarez, Frederico	5	16	76		5	5	148	USA
Rocha-Villarroel, Maurizio	8	2	76		5	9	170	Bolivia
Millan-Guerra, Omar	10	7	76					
Correra-Luna, Omar	8	4	77					Mexico
Griego, Michael	8	24	77		5	11	187	USA
Villa-Rojas, Omar	2	12	78					
Alexander, Scott	2	27	79		5	10	175	USA
Andrade, Lourence	3	19	79		5	11	175	Brazil
Cabrera, Paul	9	18	79		5	8	168	USA
Pierce, Tim	12	8	79		5	9	162	USA
Figueroa-Jiminez, Ahmed	1	23	80		5	8	140	USA
Diaz, Jose	9	8	80		5	11	168	USA
Abarca, Jose	9	19	80		5	7	144	USA
Lomeli, Jose	1	10	81					USA
De La Torre, David	3	16	81					
Martinez, Carlos	12	23	81		5	11	151	USA
Cervantes, Enrique	1	29	82		5	9	155	USA
Mora-Gomez, Victor Omar	2	5	82		5	8	160	USA
Lopez, Sem	6	9	82					
Arreola, Victor	11	3	82		5	9	160	USA
Carrillo, Ignacio	12	25	82		5	8	156	USA
Pinedo-Irgoyen, Santiago	7	24	83					Mexico
Garcia-Ortiz, Mario	1	26	84		5	8	155	USA
Castaneda, Daniel	6	2	84					USA
Alavanja, Laz								USA
Dagnogo, Moussa	1	30	72					France
Walton, Mali	4	25	72					USA
Baah, Peter	5	1	73					England
Sweet, Jeremy	10	27	73					
Dresser, Jeff	12	30	73					USA
Pickup, Jonathan	8	24	74					England
Allen, Mark	7	16	75					USA
Dolegowski, Ari	7	28	75					USA
Samples, Jeff	1	1	76					
Costa, Rodrigo	8	30	76					
Prosser, James	1	16	77					USA
Mucino, Michael	4	25	77					Ecuador
Otero, Antonio	5	20	77					USA
Less, Vorgen	8	5	77					
Tenoff, Godfrey	3	1	78					South Africa
Rogers, Paul	5	9	78					
Lucas, Justin	5	29	78					USA
McMillian, Justin	10	17	78					USA
Quiroz-Gardona, Gerardo	1	18	79					USA
Bartram, Sean	2	19	79					
Spears, Mark	4	30	79					
Vaughn, Myron	5	15	79					
Martinez, Michael	5	20	79					
Stonehouse, Matt	7	1	79					
Swann, John	9	27	79					USA
Reiswerg, Matthew	7	3	80					
Higginbotham, Benjamin	8	5	80					
Gonzalez-Olvera, Cesar	8	9	80					
Mariscalco, Michael	8	27	80					USA
Mesanovic, Semir	1	1	81					Bosnia
Ngonyani, Mike	12	15	81					
Rollo, Andrew	6	27	83					
Stone, Jordan	3	16	84					USA
Beasley, Jam								
DiGuardi, Robert								
Lemons, Christopher								
Lynk, Josh								
Takawira, Vitalis	9	24	72		5	9	155	Zimbabwe
Ball, John	11	5	72		5	11	165	USA
Fontana, Marcelo	8	22	73		5	5	150	Argentina
Timbers, Joshua	5	27	74		5	9	170	USA
White, Pat	7	17	74		5	10	175	USA
Larkin, James	10	23	75		6	3	195	Canada
Dusosky, Todd	5	12	76		6	1	200	USA
Dusosky, Troy	5	12	76		6	1	200	USA
Delevski, Dino	8	20	76		6	0	165	Macedonia
Aldrich, Jeremy	2	26	77		6	2	195	USA
Howes, Gregory	3	26	77		6	0	185	USA
Fadeski, Dennis	10	24	77		5	10	160	
Morman, Christopher	12	19	77		6	1	185	USA
Richey, Jeff	2	6	78		6	1	180	USA
Bernal, Steve	7	3	78		5	9	160	USA
Rivillo, Angel	7	25	78					Venezuela
Maher, Anthony	3	18	79		6	0	180	USA
Hammes, Joe	5	9	79		6	1	180	USA
Schmidt, Matt	6	5	79		6	0	175	USA
Miller, James	7	16	80		5	11	175	USA
Dombrowski, Chad	8	5	80		6	1	175	USA
Lawrence, Steve	11	22	80		5	10	150	USA
Walls, Nick	3	31	81		5	11	172	USA
Ferruzzi, Marco	10	15	70		5	9	170	USA
Gramenz, Don	11	19	70		5	7	150	USA
Magee, Amos	9	7	71		5	8	145	USA
Willan, Jason	9	9	71		5	10	170	USA
Anderson, Kevin	9	7	71		5	6	155	USA
Kilickan, Zafer	2	22	73		5	9	150	Turkey
Wheaton, Greg	3	3	74		5	7	150	Brazil
Warren, Joseph	10	20	74		6	5	220	USA
Bo Daugaard, Niels	4	16	76		6	2	175	Denmark
Torres, Johnny	4	24	76		5	8	140	Colombia
Hudson, John	8	19	76		5	11	183	Canada
Schulte, Mark	10	4	77		6	3	190	USA
Eyre, Adam	1	7	78		6	1	190	USA
Shak, Steve	2	8	78		6	1	158	USA
Llamas, Hugo	9	16	78		5	9	150	Canada
Morehead, Marshall	9	17	78		6	0	180	USA
Brown, Sean	10	21	78		6	1	190	
Mark, Donald	11	29	78					
Menyongar, John	6	26	79		5	5	140	Liberia
Lynk, Josh	7	8	79					
Swenby, Bradley	9	4	79		6	6	205	USA
Richardson, Evan	9	15	79		6	0	170	USA
Vorenkamp, Christopher	11	12	80					USA
Branan, Dustin	5	21	81		6	3	190	USA
Jaqua, Nate	10	28	81		6	3	180	USA
Tarley, Duncan	10	31	83		6	1	175	Liberia
Parra, Juan Carlos								
DeSantis, Nick	9	11	67		5	11	180	Canada
Barker, Lloyd	12	12	70		5	9	175	Jamaica
Kolic, Darko	10	6	71		5	9	165	Yugoslavia
Biello, Mauro	8	8	72		5	9	155	Canada
Sebrango-Rodriguez, Eduardo	4	13	73		6	1	180	Cuba
Nash, Martin	12	27	75		5	10	160	Canada
Pizzolitto, Nevio	8	26	76		6	2	185	Canada
Gervais, Gabriel	9	18	76		6	1	175	Canada
Kopp, Andrew	1	6	77		6	0	180	USA
Sutton, Gregory	4	19	77		6	6	210	Canada
Francois, Abraham	6	7	77		5	11	195	Canada
McDonald, Larry	10	5	77					
Leduc, Patrick	12	26	77		6	0	175	Canada
Ueltschey, Michael	4	14	80		6	2	195	USA
Rowland, Mark	4	17	78		5	7	160	Canada
Roberto, Ze	9	24	78		5	7	145	Brazil
Gomes-Santana, Jose	9	24	78					Brazil
Ribeiro, Antonio	10	8	80		5	9	175	Canada
Olivieri, Andrew	3	27	81		5	11	185	Canada
Williams, Chris	6	1	81		5	10	160	Canada
Borsellino, Gaspare	6	5	81					
Ngon-Gerba, Ali	9	4	81		5	11	200	Canada
Fronimadis, David	10	13	82		5	10	170	Canada
Arango, Andres	4	23	83		6	0	175	Canada
Lemire, Chris	11	3	83		5	7	150	Canada
DiTullio, Jason	1	6	84		5	10	155	Canada
Matondo, Sita-Taty	12	28	84		5	10	150	Canada
Iribarren, Ricardo	11	2	67		6	0	175	Argentina
Dedini, Randy	1	7	70		6	1	215	USA
Evans, Justin	9	1	72		6	1	175	USA
Tripoli, Jaman	2	24	76		6	2	185	
Depalma, Gary	3	9	76		5	11	165	USA
Martins, Thiago	9	4	76		6	0	185	Brazil
Flavius, David	1	31	77		5	7	180	St. Lucia
Hannig, Thomas	9	18	77		6	3	215	
Chulis, Matthew	9	29	77		5	9	160	USA
Korol, Aleksey	10	14	77		5	10	160	Ukraine
Wright, David	4	8	78		6	4	185	USA
Green, Michael	7	16	78		6	4	190	USA
Ongao, Eric	7	17	78		6	4	155	
Woolfolk, Corey	2	2	79		5	10	165	USA
Villar, Ricardo	8	11	79		5	10	155	Brazil
Bachmeyer, Michael	11	30	79		6	6	200	
Worthen, Joey	12	3	79		6	1	175	USA
Potteiger, Derek	1	6	80		5	11	180	Canada
Sondaal, Tiest	4	5	80		6	0		Holland
Thomas, Aaron	7	21	80		5	9	155	
Glowienka, Tim	8	10	80		5	9	165	USA
Jacquette, Brent	1	16	81		5	11	163	USA
Dolinsky, Paul	1	11	83					USA
Benedetti, Scott	11	13	66					USA
Wilkinson, Gavin	11	5	73					New Zealand
Afash, Fadi	1	4	74					Syria
Wilson, Adam	5	21	75					
Sancho, Brent	3	13	77					Trinidad
Alcaraz-Cuellar, Hugo	4	6	77					Mexico
Burgman, Cole	4	20	77					USA
Winters, Brian	12	31	77					USA
Alvarez-Noriega, Byron	10	21	78					Mexico
Tennyson, McKinley	3	24	79					USA
Heinzen, Aaron	8	9	79					USA
Morrison, Lee	8	10	79					USA
Tolstolutsky, Vadim	9	24	79					
Ritchie, Bryn	11	28	79					
Downing, Nick	1	25	80					USA
Sagare, Jake	4	5	80					USA
Melendez, Jason	8	28	80					
Antoniuk, Daniel	1	23	81					USA
Youngblood, Ryan	2	13	81					USA
Saunders, Josh	3	2	81					USA
Spiteri, Curtis	3	15	81					USA
Brasil, Manuel	10	17	81					
Vaughn, Jacob								
Ukrop, Rob	4	5	70		6	2	206	USA
Brown, Christopher	8	16	71		6	1	180	USA
Stockton, Khary	9	15	71		5	10	170	USA
Lekics, Paul	3	5	74		5	9	170	USA
Fox, Chris	7	30	74		5	10	172	USA
Dotsenko, Ihor	9	29	74		6	2	180	Ukraine
Jeffrey, Kevin	10	4	74		5	11	165	Trinidad
Simmonds, Gregory	12	16	75		6	3	190	Jamaica
Williams, Tony	7	13	76		5	7	155	USA
Pascale, Ronnie	9	5	76		5	11	180	USA
Knight, Kevin	10	22	76		6	1	175	USA
Goodlett, Raymond	11	20	76		5	10	165	USA
Bobo, Matthew	1	6	77		6	1	180	USA
Burke, Michael	2	25	77		5	7	147	USA
Russell, Jason	3	18	77		5	9	170	USA
Alvarez, Daniel	1	18	78		5	11	165	USA
Luzak, Peter	3	18	78		6	1	180	USA
Strawbridge, Benjamin	1	19	79		6	3	177	
Namoff, Bryan	5	28	79		5	10	176	USA
Pilkington, Matthew	6	27	79		5	8	155	
Femia, Armando	1	17	80		6	1	165	
Myers, Bret	4	1	80		5	11	175	
Warren, Doug	3	18	81		6	0	197	USA
Carroll, Brian	7	20	81		5	10	152	USA
Testo, David	8	7	81		5	10	165	USA
Bandov-Simeonov, Kalin	5	12	65					Bulgaria
Miller, Doug	5	9	69		5	9	155	USA
Andracki, Bill	5	25	69		6	0	185	USA
Steenkamp, Lenin	9	9	69		5	11	180	South Africa
Paco, Viktor	2	14	71		6	1	200	
Schweitzer, Scott	8	12	71		5	11	150	USA
Quesada, Rafael	8	16	71					
Sedgewick, Williams	10	2	71		6	0	185	USA
Suarez, Cuauhtemoc	4	19	75		5	?	155	USA
Demmin, Craig	5	21	71		6	0	195	Trinidad
Mitchell, Jamel	5	26	75		6	1	185	USA
Commodore, Frederick	8	17	75		6	1	175	Ghana
Mladenov, Stoian	10	2	75		5	10	170	Bulgaria
Hayes, David	5	24	76		5	?	155	USA
Rocha, Maurizio	8	2	76					Bolivia
Kaczanowski, Nate	11	18	76		5	11	165	
Lavrinenko, Yuri	6	12	77		6	0	175	Ukraine
Wilson, Kirk	10	7	77		5	?	165	USA
Valencia-Jiminez, Gabriel	4	16	78		6	2	195	Venezuela
Vaughn, Jacob	5	12	78		5	10	165	
Tanner, James	8	4	78					USA
Tsakiris, Shaun	2	16	79		5	7	155	USA
Fuller, Ian	8	31	79		6	1	170	USA
Dinunzio, Ryan	8	21	80		6	0	180	USA
Mendes, Carlos	12	25	80		5	10	170	USA
Johnson, Soren	6	25	81		6	3	200	USA
Bengard, Alex	3	13	79		6	0		USA
Brown, Chad	9	1	75		5	9		USA
Burpo, Preston	11	9	72		6	3		USA
Callahan, Sean-Michael	4	17	78		5	8		USA
Cullen, Rich	5	12	78		6	1		USA
Edwards, Ryan	1	28	76		6	1		USA
Farrell, Jason	12	31	70		5	10		USA
Foisie, Greg	11	20	79		5	9		
Gomez, Herculez	4	6	82		5	10		USA
Gregor, Andrew	11	22	75		5	11		USA
Henderson, Sean	7	25	72		6	0		USA
Hulen, Matthew	3	13	80		5	10		USA
Jackson, Danny	10	20	79		6	0		England
Jenkins, Scott	12	11	73		6	2		USA
Levesque, Roger	1	22	81		6	2	174	USA
Nguyen, Viet	8	6	76		5	7		USA
O'brien, Leighton	3	14	76					USA
Percell, Shawn	4	26	78		6	0		USA
Sakuda, Kevin	6	18	80		6	1		USA
Sawatzky, Darren	2	22	73		5	10		USA
Scott, Zacharias	7	2	80		5	11		USA
Scott, Zach	7	2	80		5	11		USA
Smith, Kyle	8	9	78		6	0		USA
Somoza, Benjamin	8	16	79		5	11		USA
Tomlinson, Craig	10	31	75		5	9		Jamaica
Velez, Marco	6	26	80		6	2		Puerto Rico
Wittstruck, Ryan	10	12	78		6	1		
Andanda, Vairaji	10	7	79					
Bardales, Isaias	8	18	79		5	10	170	USA
Cole, Jason	9	26	80		5	10	180	USA
Cooks, Judah	11	29	76					USA
Correia-Sernedo, Carlos	1	21	80					
Delgado, Noah	12	30	79		5	9	160	USA
Gabb, Michael	10	27	80		6	2	215	
Gentile, Pablo	2	12	76		5	11	165	
Hall, Ryan	9	13	81		5	0	180	USA
Hubbard, Marc	6	13	81		6	3	194	
Jewsbury, Jack	4	13	81		6	0	185	USA
Kemble, Bennito	8	27	68		6	3	189	Suriname
Kirmse, Michael	12	10	72		5	9	165	USA
Knittel, Jeff	10	5	76					
Lyssand, Lars	12	29	79		6	0	180	USA
Mack, Gary	11	13	79		5	9	155	USA
McNab, Joseph	10	29	80					
Mcnab, Neil	10	29	80		5	7	157	
Medina, Anthony	2	25	79		6	0	180	
Millwood, Machel	6	8	79		6	2	194	Jamaica
Nagy, Paul	10	3	78		6	0	180	USA
Neto, Adauto	12	31	80		5	10	178	Brazil
Ritch, Michael	4	26	81					USA
Rivas, Rene	10	18	68		6	0	182	Brazil
Roy, Remi	8	8	77					Canada
Semedo-Correia, Carlos	1	21	80		6	0	175	Portugal
Sinozic, Sebastian	9	14	78					
Tanner, Thomas	3	10	68		5	8	150	USA
Tsakiris, Shau								
Valencia-Jiminez, Gabriel								
Woan, Ian	12	14	67		6	0	178	England
Veenhof, Jan	1	28	69		6	2	183	Holland
Vignjevic, Nicola	3	12	71		6	2	165	Serbia
Thomas, Elvis	7	27	72		5	10	172	Canada
Oliviero, Giuliano	2	26	74		6	0	175	Canada
Ashton, Brian	9	5	74		5	10	170	Canada
Zagar, Theodosis	11	2	74		6	3	195	Canada
Mattacchione, Joe	8	15	75		6	0	175	Canada
Kojic, Milan	10	7	76					Canada
Borgh, Salvatore	5	16	77					
Diplacido, David	5	18	77		5	9	165	Canada
Aristodemo, Robbie	5	20	77		5	6	140	Canada
Vincello, Mauricio	8	19	77		5	9	170	Argentina
Lucas, Ryan	8	31	77		6	3	200	Barbados
Barclay, Sebastian	2	1	78		5	10	175	Argentina
Faria, Shawn	6	2	78		6	0	180	Canada
Kryger, James	9	7	78		6	4	185	Canada
Serioux, Adrian	5	12	79		6	0	180	Canada
Mayard, Josue	3	10	80		5	10	170	Canada
Takhee, Daniel	9	27	80					
Hughes, Tyler	11	7	80		6	1	180	Canada
Rowland, Brian	12	30	80					Canada
Westmaas, Jonathan	7	3	81		5	11	180	Canada
Hutchinson, Atiba	2	8	83					Canada
Lewis, Paul	4	24	83		5	11	168	Canada
Blicharski, Nick	4	26	84		6	2	175	Poland
Fonseca, Antonio	1	30	65					Portugal
Dasovic, Nick	12	5	68		6	1	180	Canada
Ramos-Aveleira, Mario	10	6	69					
Dailly, Paul	7	26	71		5	10	168	Canada
Corazzin, Carlo	12	25	71		5	11	170	Canada
Thompson, Niall	4	16	74		6	0	176	Canada
Franks, Chris	4	27	74		5	11	170	Canada
Heald, Oliver	3	13	75		6	0	175	Canada
Shannon, Musa	8	1	75					Liberia
King, Tiarnan	8	27	76		5	7	160	
Craveiro, Chris	1	17	77					Canada
Kindel, Steve	2	25	77		5	8	150	Canada
Franks, Michael	4	27	77		6	5	200	Canada
Sulentic, Ive	5	2	77		5	9	160	Canada
Clarke, Jeff	10	18	77		5	9	165	Canada
Morris, David	2	8	78		6	2	160	Canada
Craveiro, Nico	4	14	78		6	0	175	Canada
Jordan, Jason	5	30	78		5	10	170	Canada
Lyall, Geordie	9	15	78		5	11	160	Canada
Cameron, Kevan	2	1	79		6	0	175	
Marques-Delgado, Alexander	8	31	79		5	10	170	Portugal
Piette, Jeremie	11	23	79					USA
Skinner, Jeff	12	24	79		5	10	160	
Veer, Andrew	5	6	80		6	0	160	
Valente, Alfredo	11	6	80		5	6	155	Canada
Chin, Gordon	3	26	83					Canada
Postma, Simon	4	7	83		6	1	175	
Robson, Craig	12	18	83		5	9	167	
Amaguana, Ronny	2	2	78					
Amani-Dove, Hamisi	3	28	74		5	11	180	USA
Bilyk, Jeff	5	7	77		5	7	145	USA
Brooks, Gary	8	5	80					Jamaica
Bussey, Carl	10	11	78		5	7	165	USA
Danbusky, Stephen	4	18	77		5	11	175	USA
Fenger-Larsen, Jakob	2	6	71		5	10	170	Denmark
Garcia-Dominguez, Carlos	5	13	81		5	7	145	Colombia
Goodfellow, Jacobi	1	4	77					USA
Huggins, Cornelius	1	7	75					
Hutchison, Russell	7	6	78		6	2	190	USA
Knott, Kevin	4	26	79		6	0	170	USA
Larson, Joseph	10	19	75		6	0	185	
Lassiter, Roy	3	9	69		5	8	165	USA
LeBlanc, Jacob	2	2	81					USA
Lemons, Christopher	11	21	79					
Lewis, Cecil	2	3	81		5	7	150	
Mahoney, Richard	5	18	74		6	0		Costa Rica
Moore, Jeff	1	15	80		5	8	155	USA
Nelson, Matthew	11	12	77		6	0	180	USA
Regan, Tim	6	27	81					USA
Rolfing, Todd	3	3	81					
Shoffner, Jamath	7	10	78		5	8	155	
Stokes, David	5	28	82					USA
Vargas, Roland	12	7	79		5	8	150	
Washington, Dante	11	21	70		5	11	190	USA
Williams, Gary	7	19	79		5	10	157	England
Gentile, Mik								USA
Hardy, Tom								
Inneh, Ernest								
								
Sanchez, Hugo	7	11	58					Mexico
Ravelli, Thomas	8	13	59					Sweden
Woods, Chris	11	14	59					England
Zenga, Walter	4	28	60					Italy
Matthaus, Lothar	3	21	61					Germany
Dooley, Thomas	5	12	61					Germany
Valderrama, Carlos	9	2	61					Colombia
Gough, Richard	4	16	62					Scotland
Haynes, Brian	5	7	62					USA
de Avila, Antonio	10	21	62					Colombia
Caricola, Nicola	2	13	63					Italy
Galderisi, Giuseppe	3	22	63					Italy
Johnston, Mo	4	13	63					Scotland
Preki	6	24	63					Serbia
Radosavljevic, Predrag	6	24	63					Serbia
Kooiman, Cle	7	4	63					USA
Gorter, Edwin	7	6	63					Holland
Warzycha, Robert	8	20	63					Poland
Okaroh, Francis	8	25	63					Nigeria
McLaren, Paulinho	8	28	63					Brazil
Donadoni, Roberto	9	9	63					Italy
Carrera, Marcelo	10	1	63					USA
Vasquez, Martin	12	24	63					Mexico
Vazquez, Martin	12	24	63					Mexico
Ledesma, Carlos	1	18	64					Argentina
Kubik, Lubos	1	20	64					Czech Republic
Edwards, Troy	1	21	64					USA
Butterworth, Ian	2	15	64					England
Wegerle, Roy	3	19	64					USA
Hattrup, Peter	3	30	64					USA
Fraser, Iain	4	3	64					Canada
Yallop, Frank	4	4	64					Canada
Branco	4	4	64					Brazil
Sosa-Garcia, Cesar	5	7	64					
Caligiuri, Paul	5	9	64					USA
Nakhid, David	5	15	64					Trinidad
Nowak, Peter	7	5	64					Poland
Kydes, Mickey	7	25	64					USA
Rideout, Paul	8	14	64					England
Azmi, Khalil	8	23	64					Morocco
Hermosillo, Carlos	8	26	64					Mexico
Armstrong, Desmond	11	2	64					USA
Gelnovatch, George	2	12	65					USA
Dario Hernandez, Ruben	2	19	65					Colombia
Hernandez, Ruben	2	19	65					Colombia
Hernandez, Ruben Dario	2	19	65					Colombia
Kerr, John	3	6	65					USA
Espinoza, Missael	4	12	65					Mexico
Harrington, Pat	4	17	65					Canada
Sullivan, Christopher	4	18	65					USA
Trittschuh, Steve	4	24	65					USA
Eichmann, Eric	5	7	65					USA
Bankov, Kalin	5	12	65					Bulgaria
Bishop, Ian	5	29	65					England
Neely, Doug	5	31	65					
Lee, Thor	6	5	65					
Emenalo, Michael	7	14	65					Nigeria
Alvarez, Leonel	7	29	65					Colombia
Sabanadzovic, Refik	8	8	65					Bosnia
Dodd, Mark	9	14	65					USA
Harbor, Jean	9	19	65					Nigeria
Limpar, Anders	9	24	65					Sweden
Bliss, Brian	9	28	65					USA
Hunjak, Goran	11	13	65					Croatia
Ziober, Jacek	11	18	65					Poland
Conde, Chiquinho	11	22	65					Mozambique
Namazi, Omid	12	8	65					USA
Guzman, Daniel	12	31	65					Mexico
Backman, Derek	1	6	66					USA
Uribe, Francisco	1	11	66					Mexico
Klopas, Frank	1	19	66					USA
Stoitchkov, Hristo	2	8	66					Bulgaria
Kosecki, Roman	2	15	66					Poland
Shue, Andrew	2	20	66					USA
Simpson, Mark	3	18	66					USA
Soehn, Tom	4	15	66					USA
Doyle, John	4	16	66					USA
Urbanyi, Istvan	4	17	66					Hungary
Michallik, Janusz	4	22	66					Poland
Dougherty, Paul	5	12	66					USA
Eck, Ted	7	14	66					USA
Kirk, Joey	8	21	66					
Ramos, Tab	9	21	66					USA
Campos, Jorge	10	15	66					Mexico
Marquinho	11	11	66					Brazil
Vermes, Peter	11	21	66					USA
Zico			67					Brazil
Fraser, Robin	12	17	66					USA
Podbrozny, Jerzy	12	17	66					Poland
Vaudreuil, David	12	21	66					USA
Batista, Joao	12	28	66					Brazil
Hennessey, Ian	1	10	67					USA
Diffley, John	1	11	67					USA
Webber, Wade	1	12	67					USA
Sharpe, Richard	1	15	67					England
Harkes, John	3	8	67					USA
Dely Valdes, Jorge	3	12	67					Panama
Martin, Tim	4	12	67					USA
Brauchle, Chris	5	24	67					
Richardson, Michael			67.5					USA
Noamouz, Arash	6	6	67					Iran
Miguez, Sergio	6	9	67					Argentina
Medved, Shawn	6	16	67					USA
Bunbury, Alex	6	16	67					Canada
Khumalo, Doctor	6	26	67					South Africa
Pittman, Steve	7	18	67					USA
Kinnear, Dominic	7	26	67					USA
Balboa, Marcelo	8	8	67					USA
Okafor, Uche	8	8	67					Nigeria
Eriksson, Jan	8	24	67					Sweden
Patino, David	9	6	67					Mexico
Amaya, Rafael	9	21	67					
Peinado, Daniel	9	28	67					Argentina
Ashton, Chad	10	26	67					USA
Reasoner, Tommy	10	27	67					USA
Dougherty, Mark	11	7	67					USA
Goulooze, Richard	11	16	67					Holland
Onstad, Pat	1	13	68					Canada
Sutter, Alain	1	22	68					Switzerland
Aunger, Geoff	2	4	68					Canada
Woodring, Peter	2	5	68					USA
Valencia, Adolfo	2	6	68					Colombia
Cienfuegos, Mauricio	2	12	68					El Salvador
St. Andre, Jim	2	15	68					USA
Calichman, Dan	2	21	68					USA
Unger, Chris	3	4	68					USA
Semioli, Mark	3	20	68					USA
Gaucho, Roberto	4	5	68					Brazil
Young, Paul	4	11	68					Jamaica
Rammel, Steve	4	20	68					USA
Agoos, Jeff	5	2	68					USA
Rinker, Travis	5	4	68					USA
Thompson, Billy	5	5	68					USA
Olivares, Percy	6	5	68					Peru
Tardieu, Patrick	6	9	68					Haiti
Wylie, Kevin	6	12	68					USA
Salzwedel, Dave	6	15	68					USA
Pena, Danny	6	17	68					USA
Lips, Tom	6	25	68					USA
Jairo Trellez, John	6	29	68					Colombia
Trellez, John Jairo	6	29	68					Colombia
Santel, Mark	7	5	68					USA
Ekeme, Samuel	7	12	68					Cameroon
Bravo, Paul	7	19	68					USA
Butler, Altimont	7	21	68					Jamaica
Butler, Freddie	7	21	68					
Cannon, Scott	7	22	68					USA
Pareja, Oscar	8	10	68					Colombia
Bowers, Sean	8	12	68					USA
Gillen, Ted	8	16	68					USA
Isaacs, Peter	8	18	68					
Gutierrez, Henry	8	28	68					USA
Rooney, Jim	9	9	68					USA
Paz, Adrian	9	9	68					Uruguay
Koetters, Kevin	9	11	68					USA
Rizi, Marco	9	15	68					Canada
McCormick, Dick	9	25	68					
Baicher, Jeff	11	16	68					USA
Huseinovic, Mirsad	11	26	68					USA
Debrito, John	12	3	68					USA
Kelderman, Kris	12	10	68					USA
de Vries, Raimo	12	21	68					
Hernandez, Luis	12	22	68					Mexico
Rzepa, Miroslaw	12	27	68					Poland
Hamlett, Denis	1	9	69					USA
Hurtado, Eduardo	1	12	69					Ecuador
Mobilio, Domenic	1	14	69					Canada
Fazlagic, Said	1	25	69					Bosnia
Ken-Kwofie, Louis	2	6	69					
Myung-Bo, Hong	2	12	69					South Korea
Khakpour, Mohammad	2	20	69					Iran
Khakpour, Mohammed	2	20	69					Iran
Meola, Tony	2	21	69					USA
Sommer, Juergen	2	27	69					USA
White, Marquis	3	1	69					USA
Rudman, Silvio	3	4	69					Argentina
Elcock, Ansil	3	17	69					Trinidad
Vasquez, Jose	3	20	69					USA
Garvey, John	3	26	69					USA
Stewart, Earnie	3	28	69					Holland
Myers, Roy	4	13	69					Costa Rica
Ortiz, Rene	4	23	69					USA
Holocher, Paul	5	24	69					USA
Maessner, John	6	2	69					USA
Wynalda, Eric	6	9	69					USA
Zavala, Carlos	6	11	69					USA
Mckinley, Ivan	6	15	69					USA
Suarez, Juan Berthy	6	24	69					Bolivia
Llamosa, Carlos	6	30	69					Colombia
Sonora, Diego	7	17	69					Argentina
Wright, Paul	7	29	69					USA
Lembryk, Stan	8	8	69					
Heaney, Aidan	8	9	69					USA
Draguicevich, Oscar	8	19	69					USA
Ramos, Mauricio	9	23	69					Bolivia
Munnelly, Martin	11	11	69					
Stebbins, Dan	11	13	69					USA
Stebbins, Dan 	11	13	69					
Adams, Jim	11	16	69					
Onalfo, Curt	11	19	69					Brazil
Vazquez, Jorge	11	28	69					Argentina
Iroha, Ben	11	29	69					Nigeria
Pineda Chacon, Alex	12	19	69					Honduras
Rodriguez, Washington	1	12	70					Uruguay
Castaneda, Jorge	1	12	70					Mexico
Castaneda, Tote	1	12	70					Mexico
Dade, Eric	1	19	70					USA
Fernandez, Jose	1	24	70					Bolivia
Brose, Dario	1	27	70					USA
Farias, Alejandro	1	28	70					Argentina
Yorks, Lyle	1	30	70					USA
Diaz Arce, Raul	2	1	70					El Salvador
Allnutt, Yari	2	2	70					USA
Wilmar Perez, John	2	2	70					Colombia
Motajo, Manny	2	13	70					Nigeria
Allnut, Yari	2	17	70					USA
Harty, Rhett	3	1	70					USA
Rodriguez, Edmundo	4	22	70					
Rodriguez, Eduardo	4	22	70					
Alvarez, Pedro	5	5	70					Colombia
Elliott, Gerell	5	11	70					USA
Gibson, Neathan	5	14	70					South Africa
Gilmar	5	16	70					Brazil
Uderitz, Scott	5	17	70					USA
Lalas, Alexi	6	1	70					USA
Williams, Richie	6	3	70					USA
Molnar, Miklos	6	10	70					Denmark
Jones, Cobi	6	16	70					USA
Chung, Mark	6	18	70					USA
George, Sam	6	29	70					USA
Conteh, Abdul Thompson	7	2	70					Sierra Leone
Morrow, Steve	7	2	70					Northern Ireland
Vuckovic, Bojan	7	17	70					Serbia
Vukovic, Bojan	7	17	70					Serbia
Lozzano, Lawrence	7	25	70					USA
Lapper, Mike	8	28	70					USA
Deering, Chad	9	2	70					USA
Burns, Mike	9	14	70					USA
Etcheverry, Marco	9	26	70					Bolivia
Williams, Mark	9	28	70					England
Knowles, Matt	10	7	70					USA
Restrepo, Andrew	10	8	70					USA
Juskowiak, Andrzej	11	3	70					Poland
Liner, Tom	11	27	70					USA
Quesada, David			71					USA
Wright, Mauricio	12	20	70					Costa Rica
Cruz, Arnold	12	22	70					Honduras
Martinez, Chris	12	25	70					USA
Dayak, Troy	1	21	71					USA
da Silva, Cristian	2	3	71					USA
Ammann, Mike	2	8	71					USA
DaSilva, Chris	2	13	71					
Moore, Joe-Max	2	23	71					USA
Tamashiro, Jerry	3	18	71					Peru
Barton, Kieran	3	28	71					USA
East, Kevin	3	29	71					USA
Zaun, Jeff	4	2	71					USA
Farrer, Richard	4	9	71					South Africa
Winner, David	4	23	71					USA
Olalere, Patrick	4	28	71					Nigeria
Crawley, Ben	5	6	71					USA
Sorber, Mike	5	14	71					USA
Barber, Dan	5	17	71					USA
Barber, Danny	5	17	71					USA
Friedel, Brad	5	18	71					USA
Feuer, Ian	5	20	71					USA
Rodriguez, Jorge	5	20	71					El Salvador
Pinon, Ed	5	26	71					USA
Imler, Erik	6	1	71					USA
Sanneh, Tony	6	1	71					USA
Graziani, Ariel	6	7	71					Argentina
Lagos, Manny	6	11	71					USA
Lagos, Manuel	6	11	71					USA
Azizi, Khodadad	6	22	71					Iran
Luiz, Joao	6	23	71					Brazil
Descombes, Eric	6	25	71		?			
Savarese, Giovanni	7	14	71					Venezuela
Adair, Chugger	8	11	71					USA
Vega, Marcelo	8	12	71					Chile
Brown, Chris (1)	8	16	71					USA
McGinty, Mike	8	17	71					USA
Bates, Brian	9	1	71					USA
Plachy, Antonin	9	1	71					
Addo, Joseph	9	12	71					Ghana
Prendergast, Orrett	9	17	71					USA
Caro-Cubellos, Marcelo	9	22	71					
Tinsley, Ryan	10	1	71					USA
Batelle, Shane	10	5	71					USA
Dugas, Martin	10	5	71					Canada
Rodas, Jorge	10	7	71					Guatemala
Causey, Jeff	10	19	71					USA
Budnick, Scott	10	28	71					USA
Oshoniyi, Adegboyega	11	3	71					USA
Oshoniyi, Bo	11	3	71					USA
Comas, Alex	11	14	71					Colombia
Powell, Darryl	11	15	71					Jamaica
McKay, Josh	11	16	71					USA
Naveda, Alberto	11	23	71					Argentina
Fernandes, Fernando	11	25	71					USA
Prampin, Alan	11	30	71					USA
Squadrone, Leonardo	12	1	71					Argentina
Ianni, Tayt	12	6	71					USA
Peters, Nyanforth	12	6	71					USA
Harte, Bill	12	20	71					USA
Huwiler, Mike	1	4	72					USA
Kmosko, Matt	1	8	72					USA
Hendrickson, Ezra	1	16	72					St. V & Gr.
Wescott, Sterling	1	30	72					USA
Barria, Victor	2	1	72					
Hesse, Ken	2	3	72					
Ibsen, Zak	2	6	72					USA
Longenecker, Brent	2	6	72					USA
Maier, Andreas	2	11	72					
Kamler, Brian	2	12	72					USA
Curcic, Sasa	2	14	72					Serbia
Weinstein, Cordt	3	2	72					USA
Henderson, Rysehiem	3	21	72					
Loftin, Brian	4	4	72					USA
Puskarich, Ed	4	4	62					USA
Benjamin, Glenn	4	4	72					
Karapetyan, Harut	4	7	72					USA
Adu-Gyamfi, Kwaku	4	7	72					Ghana
Weiszmann, Richard	4	8	72					USA
Viera, Diego	4	10	72					Uruguay
Thieman, Joey	4	17	72					USA
Hoffard, Todd	5	15	72					USA
Okoh, Matt	5	19	72					USA
Garlick, Scott	5	29	72					USA
Hahnemann, Marcus	6	15	72					USA
McBride, Brian	6	19	72					USA
McAuley, Sean	6	23	72					
Petras, Doug	7	29	72					USA
Kramer, David	8	1	72					USA
								
Glenn, Jimmy	8	9	72					USA
Baba, Nidal	8	16	72					USA
Ekelund, Ronnie	8	21	72					Denmark
Armas, Chris	8	27	72					USA
Warham, Darren	8	27	72					England
Hudock, Dusty	9	4	72					USA
Devall, Danny	9	15	72					USA
Chronopoulos, Ted	9	16	72					USA
Yeagley, Todd	9	20	72					USA
Guthrie, Rivers	9	25	72					USA
Salcedo, Jorge	9	27	72					USA
Droze, Derk	10	29	72					USA
Bartlett, Shaun	10	31	72					South Africa
Quinones, Saul	10	31	72					
Gutierrez, Diego	11	3	72					USA
Wilson, Brad	11	19	72					USA
Ward, Brandon	12	11	72					USA
Lagerwey, Garth	12	12	72					USA
Solis, Mauricio	12	13	72					Costa Rica
Clark, Mike	12	16	72					USA
Kreis, Jason	12	29	72					USA
Keegan, Paul	12	30	72					Ireland
Gori, Mario	1	6	73					Argentina
Figuerido, Tim	1	9	73					
Jones, Gabe	1	21	73					
Wise, Evans	1	23	73					Trinidad
Snitko, Chris	1	24	73					USA
Machon, Martin	2	4	73					Guatemala
Baumhoff, Billy	2	7	73					
Johnson, Rob	2	10	73					USA
Kalonji, Nansha	2	16	73					Belgium
Jean-Baptiste, Gilbert	2	19	73					Haiti
Houser, Chris	3	9	73					USA
Alvarez, Damian	3	11	73					Mexico
Damian	3	11	73					Mexico
Thomas, Roger	3	17	73					Jamaica
Mohammed, Dahir	3	17	73					Ethiopia
Lalas, Greg	3	27	73					USA
Simutenkov, Igor	4	3	73					Russia
Lak, Peter	4	20	73					USA
Marino, Pete	4	23	73					USA
Waldir	5	15	73					Peru
Lujan, Arron	5	24	73					
McCarthy, Jerome	6	4	73					
Palacios, Arley	6	10	73					Colombia
Camarena, Enrique	6	15	73					
Maisonneuve, Brian	6	28	73					USA
Cate	7	11	73					Brazil
Morales, Jose Luis	8	2	73					Spain
Rue, Eric	8	3	73					
Zambrano, Henry	8	7	73					Colombia
Greenwood, Ricci	8	8	73					USA
Polic, Ivan	8	13	73					Yugoslavia
Bucuane, Manuel	8	16	73					Mozambique
Wood, A.J.	8	17	73					USA
Smith, Rob	8	20	73					USA
Wellington, Jamie	8	22	73					
Fitzgerald, Jay	9	1	73					
Berg, Nico	9	11	73					Canada
Peay, Clint	9	16	73					USA
Serna, Diego	10	2	73					Colombia
Pollard, Brandon	10	9	73					USA
Thornton, Zach	10	10	73					USA
Jara, Guillermo	10	20	73					USA
Cozier, Mac	10	23	73					USA
Marsch, Jesse	11	8	73					USA
Dos Santos, Paulo	11	13	73					Cape Verde
Smith, Chris	11	18	73					
Jones, John	11	23	73					USA
Miller, Todd	11	29	73					USA
Thomas, Sheldon			74					
Pope, Eddie	12	24	73					USA
Sweeney, Casey	1	8	74					
Moreno, Jaime	1	19	74					Bolivia
Harris, Wolde	1	26	74					Jamaica
Frye, Adam	2	14	74					USA
Oliverio, Luigi	2	26	74					
Razov, Ante	3	2	74					USA
Johnson, Brian	3	7	74					USA
Baba, Imad	3	15	74					USA
George, Seth	3	30	74					USA
Duhaney, Mike	4	5	74					USA
Antongirolami, Giorgio	4	8	74					USA
Hetherington, Nate	4	30	74					
Joseph, Miles	5	2	74					USA
Reyes, Milton	5	2	74					Honduras
Lewis, Eddie	5	17	74					USA
Nunley, Andre	5	22	74					USA
Henning, David	5	22	74					USA
Gentile, Mike	5	24	74					USA
Hartman, Kevin	5	25	74					USA
Dawes, Chris	5	31	74					Jamaica
Elliott, Simon	6	10	74					New Zealand
Vanney, Greg	6	11	74					USA
Ralston, Steve	6	14	74					USA
Care, Danny	6	20	74					USA
Laterza, Gerardo	7	1	74					USA
Zavagnin, Kerry	7	2	74					USA
Chirinos, Alex	7	9	74					
Silvera, Damian	7	27	74					USA
Hejduk, Frankie	8	5	74					USA
Vargas, Nelson	8	6	74					USA
Grafer, Paul	8	7	74					USA
Daligcon, Nate	8	9	74					USA
Coufal, Scott	8	12	74					USA
Swords, Kyle	8	22	74					USA
Zeba, Morgan	8	24	74					Sweden
Daley, Chaka	9	4	74					Canada
Walker, Jonny	9	13	74					USA
McKeon, Matt	9	24	74					USA
Cloutier, Braeden	10	3	74					USA
Kelly, Brian	10	6	74					USA
Trotman, Mickey	10	21	74					Trinidad
Jachym, Rob	10	28	74					USA
Slivinski, Mike	10	31	74					USA
Marshall, Tyrone	11	12	74					Jamaica
Mella, Victor	11	14	74					Chile
Jahr, Chris			75					USA
Lowe, Onandi	12	2	74					Jamaica
Rocha, Carlos	12	4	74					Portugal
Jair	12	17	74					Cape Verde
Cannon, Joe	1	1	75					USA
Cerritos, Ronald	1	3	75					El Salvador
Demmin, Dwyane	1	5	75					
Golijanin, Ranko	1	18	75					Yugoslavia
Keller, Josh	2	16	75					USA
Mercik, Joe	2	17	75					
Porter, Caleb	2	18	75					USA
Montoya, Alberto	2	19	75					USA
Moneme, Obi	3	2	75					USA
Reis, Matt	3	28	75					USA
Presthus, Tom	4	5	75					USA
Welton	4	17	75					Brazil
Suarez, Temoc	4	19	75					USA
Sequeira, Alejandro	4	27	75					Costa Rica
Weaver, Tim	4	30	75					USA
Penalillo, Julio	5	22	75					
Marcoullier, Paul			75.5					USA
Ivanov, Galin	6	4	75					Bulgaria
Ihekoronye, Ezenwa	6	12	75					USA
Brown, C.J.	6	15	75					USA
Sanchez, Wellington	6	19	75					Ecuador
Dixon, Alex	6	21	75					
Karn, Phil	7	3	75					
Payne, Russell	7	13	75					USA
Taylor, Brian	7	23	75					
Waibel, Craig	8	21	75					USA
Daniv, Sergi	8	23	75					Ukraine
Russell, Ian	8	30	75					USA
Rodriguez, Felipe	9	12	75					USA
Gomez, Julian	9	17	75					USA
Rockey, Shawn	9	26	75					
Anicchero, Jason	9	27	75					
Keenan, Tom	9	30	75					
Herdsman, Steven	10	6	75					USA
Walsh, Billy	10	7	75					USA
Sebapole, Brian	10	9	75					South Africa
Corneli, Nicola	10	9	75					Canada
Giacobbone, Alessio	10	12	75					
Jordan, Matt	10	13	75					USA
Boyce, Jason	10	14	75					USA
Jolley, Steve	10	15	75					USA
Jakins, Tahj	11	11	75					USA
Henriques, Guillermo	11	13	75					
Villegas, Petter	11	15	75					USA
Dos Santos-Terra, Fabio	11	19	75					
Kotschau, Richard	11	22	75					USA
Kotschau, Ritchie	11	22	75					USA
Angelovski, Sinisa	12	7	75					
Kuhn, Tony	12	15	75					USA
Simmonds, Greg	12	16	75					Jamaica
Checcio, Ian	12	20	75					USA
Millet, Matthew	12	25	75					
Martinez, Joey	12	28	75					USA
Martinez, Saul	1	1	76					Honduras
Klein, Chris	1	4	76					USA
Butler, Michael	1	5	76					Liberia
Moore, R.T.	1	7	76					USA
Gottardi, Jefferson	1	13	76					Bolivia
Alvero, Kevin	1	14	76					
Petke, Mike	1	30	76					USA
McLaughlin, Tom	2	3	76					USA
Cullen, Leo	2	28	76					USA
Guido	3	9	76					Brazil
Munoz, Joe	3	16	76					USA
Echeverry, Gerson	3	16	76					
Bosch, Kurt	3	19	76					Canada
Merkel, Randy	3	20	76					USA
Paule, Ross	4	4	76					USA
Rhine, Bobby	4	18	76					USA
Van Saun, Jesse	4	20	76					USA
Botello, Jose	4	24	76					USA
Coye, Kevin	4	26	76					
Lewis, Darin	4	28	76					Trinidad
Olamendi, Jorge	4	30	76					
Guevara, Amado	5	2	76					Honduras
Edwards, Jake	5	11	76					England
Glasgow, Gary	5	13	76					Trinidad
Farias, Carlos	5	15	76					Chile
Phillips, Collin	5	29	76					Trinidad
Vorbe, Sebastien	6	4	76					Haiti
Broome, Paul	6	6	76					USA
Barrett, Wade	6	23	76					USA
Schneider, Paul	6	24	76					USA
Cancela, Jose	6	25	76					Uruguay
Gruffydd, Dilwyn	7	3	76					
Kraemer, Steve	7	4	76					USA
Mouw, Robert	7	12	76					
Williams, Anthony	7	13	76					
Hernandez, Daniel	7	23	76					USA
Armstrong, Stephen	7	23	76					England
Armstrong, Steven	7	23	76					England
Heaps, Jay	8	2	76					USA
Franchino, Joe	8	8	76					USA
Busch, Jon	8	18	76					USA
Prideaux, Brandon	8	18	76					USA
Cunningham, Jeff	8	21	76					Jamaica
Talley, Carey	8	26	76					USA
Soso, Igor	8	27	76					
Mastroeni, Pablo	8	29	76					USA
Lowey, Simon	9	8	76					England
Bartolomeu, Edgar	9	14	76					Angola
Ottesen, Dustin	9	17	76					USA
Stewart, Matthew	9	17	76					
Knights, Irasto	9	18	76					Trinidad
Farris, Matthew	9	20	76					USA
Lowery, Jon 	9	20	76					USA
Kozic, Alen	9	27	76					Serbia
Bonseu, Tenywa	9	28	76					Uganda
Soto, Tony	10	1	76					USA
Llamas, Jesse	10	1	76					
Peart, O'neil	10	11	76					
John, Stern	10	30	76					Trinidad
Palacios, Raul	10	30	76					Chile
Mulrooney, Richard	11	3	76					USA
Fabbro, Dario	11	3	76					Argentina
Klinger, Fausto	11	4	76					Ecuador
Swift, Barry	11	11	76					USA
Ragusa, Joseph	11	19	76					
Goodlett, Ray	11	20	76					USA
Mathis, Clint	11	25	76					USA
Beach, Keith	11	26	76					USA
Noetzel, Johann			77					USA
Manganello, Jim	12	8	76					
Pogue, Eric	12	8	76					
Clark, Jamie	12	13	76					Scotland
Vermillion, Scott	12	23	76					USA
Lavin, Brian	1	3	77					
Delgado, Cesar	1	16	77					
Zotinca, Alex	1	22	77					Romania
Wolyniec, John	1	24	77					USA
Armas, Steve	2	3	77					USA
Parra, Carlos	2	3	77					USA
Rincon, Alejandro	2	3	77					
Hansen, Richard	2	9	77					
Conrad, Jim	2	12	77					USA
Conrad, Jimmy	2	12	77					USA
Kvello, Eric	2	12	77					USA
Flores, Jorge	2	13	77					USA
Jackson, Colby	2	22	77					
Faria, Rodrigo	2	24	77					Brazil
Burke, Mike	2	25	77					USA
Wolff, Josh	2	25	77					USA
Dunseth, Brian	3	2	77					USA
Eastman, Gabe	3	7	77					USA
Bent, Jason	3	8	77					Canada
Brown, Chris (2)	3	10	77					USA
Costigan, Keith	3	11	77					
Corrales, Ramiro	3	12	77					USA
Ring, Henry	3	16	77					USA
Dominguez, Jeffrey	3	21	77					
Otto, Eric	3	22	77					USA
Abukusumo, Ubusuku	3	24	77					USA
Hall, Robert	3	26	77					
DiGiamarino, Joey	4	6	77					USA
Sutton, Greg	4	19	77					USA
Lindenmayer, Christof	4	21	77					USA
Lindenmeyer, Christof	4	21	77					USA
Mucino, Mike	4	25	77					
Mulraine, Travis	5	2	77					Trinidad
Olsen, Ben	5	3	77					USA
Pratt, Justin	5	5	77					
Conway, Jon	5	6	77					USA
Wanamaker, Chris	5	9	77					
Sunsing, William	5	12	77					Costa Rica
Dimaria, Jeff	5	15	77					USA
Rodriguez, Esmundo	5	25	77					USA
Sahaydak, Tim	6	1	77					USA
Bergeron, Dwayne	6	1	77					
Vallow, Scott	6	8	77					USA
Oughton, Duncan	6	14	77					New Zealand
Reda, Marco	6	22	77					Canada
Whitfield, Evan	6	23	77					USA
Edozien, Connally	6	26	77					Nigeria
Martinez, Antonio	7	9	77					Mexico
Perez, Orlando	7	12	77					USA
Akin, Jon	7	25	77					USA
Schell, Dominic	7	27	77					USA
Suarez, Ryan	7	28	77					USA
Bettinger, Rees	8	18	77					
Kovalenko, Dema	8	28	77					Ukraine
Chulis, Matt	8	29	77					USA
Houser, Jeff	9	4	77					
Hart, Wes	9	14	77					USA
Hannig, T.J.	9	18	77					
Miglioranzi, Stefani	9	20	77					USA
Williams, Andy	9	23	77					Jamaica
Gores, Chris	9	23	77					USA
Kirk, Andy	10	3	77					USA
McCarty, Chad	10	5	77					USA
Lisi, Mark	10	11	77					USA
Torres, Daniel	10	14	77					Costa Rica
Nelsen, Ryan	10	18	77					New Zealand
Figueroa, Vicente	10	22	77					USA
Annan, Dan	10	27	77					USA
Narine, Adrian	10	30	77					
Nerine, Adrian	10	30	77					
Carroll, John	11	14	77					
Pinto, Alexander	11	22	77					
Zapala, Adam	12	28	77					
Thomas, Keyeno	12	29	77					Trinidad
Marks, Seth	1	6	78					
Waltrip, Brian	1	12	78					
Nickocaj, Dzevat 	1	12	78					
Selolwane, Dipsy	1	27	78					Botswana
Victorine, Sasha	2	3	78					USA
Vagenas, Peter	2	6	78					USA
Denton, Eric	2	8	78					USA
Garcia, Freddy	2	8	78					Guatemala
Donohue, Keith	2	14	78					
Quill, Eric	2	28	78					USA
Scavo, Peter	3	18	78					
Dancy, Jake	4	9	78					USA
Butcher, Steve	4	15	78					USA
Bolanos, Jonathan	4	22	78					Costa Rica
Mullan, Brian	4	23	78					USA
Griffiths, Winston	5	12	78					Jamaica
De Rosario, Dwayne	5	15	78					Canada
Ching, Brian	5	24	78					USA
Joseph, Shalrie	5	24	78					Grenada
Brown, Adin	5	27	78					USA
Hemmerich, Andrew	5	27	78					
West, Brian	6	10	78					USA
Robinson, Eddie	6	19	78					USA
Bower, Scott	6	27	78					USA
Zawislan, Tom	6	30	78					
Caprez, Tim 	7	9	78					
DaGama, Luis Renato	7	11	78					
Kante, Daouda	7	16	78					Mali
Key, Lance	7	27	78					USA
Budalic, Niki	8	1	78					Canada
Vartughian, Robert	8	9	78					USA
Diallo, Mamadou	8	21	78					Senegal
Jemmott, Kerwyn	8	24	78					Trinidad
Goode, Taly	8	25	78					USA
Forko, Sam	9	2	78					Liberia
Frasier, Wade	9	19	78					
Fernandes, Narciso	9	20	78					USA
Ziadie, Craig	9	20	78					Jamaica
Beskovic, Mersim	10	16	78					USA
Hirschfeld, Lars	10	17	78					
Alvarez, Byron	10	21	78					Mexico
Casale, Mike	10	25	78					
Munthali, Rumbani	12	2	78					Canada
Lauber, Aaron	12	3	78					
Aguilera, Roland	12	7	78					Bolivia
Stafford, Ben	12	11	78					
Alvarado, Cesar	12	18	78					USA
Curtis, Ali	12	18	78					USA
O'Brien, Ronnie	1	5	79					Ireland
Rosenfeld, Matthew	1	5	79					
Avilez, Derek	1	10	79					
Albright, Chris	1	14	79					USA
Retiz, Jose	1	22	79					Mexico
Gomez, Francisco	1	25	79					USA
Moses, Matt	1	31	79					
Navarro, Roberto	1	31	79					
Coppin, Spencer	2	3	79					
Leber, Scott	2	18	79					USA
Rizo, Alberto	2	19	79					Mexico
Kish, Andrew	2	26	79					
Diop, Birahim	2	27	79					Senegal
Glinton, Gavin	3	1	79					Turks and Caicos
Howard, Tim	3	6	79					USA
Norkus, Caleb	3	14	79					USA
Popik, Dan	3	23	79					USA
Popik, Daniel	3	23	79					USA
Silva, Eduardo	3	25	79					
Leitch, Chris	4	1	79					USA
Leitch, Christopher	4	1	79					USA
Fredrick, Brian	4	4	79					
Gbandi, Chris	4	7	79					Liberia
Garcia, Nick	4	9	79					USA
Brennan, Bob	4	14	79					USA
Brennan, Bobby	4	14	79					USA
Harrell, Matt	5	2	79					
Garry, Benjamin	5	2	79					
Feller, Michael	5	9	79					
Martinez, Jorge	5	20	79					
Bocanegra, Carlos	5	25	79					USA
da Silva, Nino	5	26	79					USA
Ayim, Emmanuel	5	30	79					
Fahim, Mohammed	6	11	79					
Roberts, Zizi	6	13	79					Liberia
Lukin, Eric	6	14	79					
Rimando, Nick	6	17	79					USA
Curtin, Jim	6	23	79					USA
Moreno, Alejandro	7	8	79					Venezuela
Krupnik, Leo	7	15	79					
Russell, Robert	7	16	79					USA
Prince, Chad	7	19	79					USA
Pierce, Rusty	7	24	79					USA
Nhlecko, Toni	7	24	79					South Africa
Agogo, Junior	8	1	79					Ghana
Bevington, Kirk 	8	4	79					
Byaruhanga, Peter	8	18	79					USA
Ruiz, Carlos	9	15	79					Guatemala
Mintah, Ishmael	9	21	79					Ghana
Bernier, Patrice	9	23	79					Canada
Westfield, Dimelon	10	5	79					
Foss, Byron	10	6	79					USA
DaPra, Dominic	10	9	79					USA
Quijano, Marvin	10	10	79					USA
Sleeth, Billy	10	23	79					USA
Sleeth, William	10	23	79					USA
Mack, Ryan	11	13	79					USA
Frias, Tony	11	16	79					USA
Piet, Jeremy	11	23	79					
Serna, Thomas	11	30	79					
Walsh, Diego	12	8	79					Brazil
King, David	12	18	79					
Huet, Danny	12	19	79					
Brunt, Chris	1	1	80					USA
Neibles, Hemir	1	1	80					
Totten, Steve	1	7	80					
Ballantyne, Jamal	1	12	80					
Gibbs, Corey	1	14	80					USA
Gibbs, Cory	1	14	80					USA
Futagaki, Ryan	1	17	80					USA
Kingsley, Zach	1	18	80					USA
Semedo, Carlos	1	21	80					Portugal
Reti, Sean	1	21	80					USA
Finan, Mark 	1	29	80					
Nugent, Michael	2	10	80					USA
Nugent, Mike	2	10	80					USA
Snee, Jeremy 	2	10	80					
Twellman, Taylor	2	29	80					USA
Roner, Chris	3	4	80					USA
Biddle, Aaron	3	12	80					USA
Ndiaye, Mansour	3	12	80					
Smalls, Lawrence	3	13	80					
Califf, Danny	3	17	80					USA
Wolf, Richard	3	20	80					
Wall, James 	3	21	80					England
Geddes, Jorge	4	14	80					
Traeger, Jake	4	16	80					USA
Traegger, Jake	4	16	80					USA
Carrieri, Chris	4	28	80					USA
Frazelle, Jimmy	5	10	80					
Bagley, Chris	5	20	80					USA
Adams, Kevin	5	20	80					Trinidad
Tetirick, Jonathan 	5	31	80					
Graham, Taylor	6	3	80					USA
Stewart, Jeff	6	21	80					USA
Arnaud, Davy	6	22	80					USA
Piserchio, Michael	6	26	80					
Pusek, Marin	6	29	80					Canada
Gonzalez, Luchi	7	14	80					USA
Buete, Scott	7	23	80					USA
Noonan, Pat	8	2	80					USA
Singer, Kyle	8	6	80					USA
Matteo, Jeff	8	8	80					USA
Crawford, Matt	8	20	80					USA
Crawford, Matthew	8	20	80					USA
Radoncic, Bato	8	23	80					
Brilliant, Felix	9	9	80					Canada
Cann, Adrian	9	19	80					Canada
McManus, Tony	9	20	80					USA
Sheppard, Dustin	9	23	80					USA
Ludwig, Dennis	9	26	80					USA
Alegria, Jose	10	5	80					Peru
Blake, Alex	10	14	80					USA
Ralph, Damani	11	6	80					Jamaica
Alberts, Jay	11	8	80					USA
Wilson, Mike	11	25	80					New Zealand
Longo, Mario	12	3	80					USA
Torres, Arturo	12	11	80					USA
Leonard, Marshall	12	19	80					USA
Dunivant, Todd	12	26	80					USa
Ibrahim, Sumed	12	30	80					Ghana
Stephenson, Khari	1	18	81					Jamaica
Friend, Rob	1	23	81					Canada
Miranda, Edwin	1	28	81					El Salvador
Thomas, Shavar	1	29	81					Jamaica
Arena, Kenny	2	6	81					USA
Thompson, Scot	2	11	81					USA
Mehreioskouei, Hamid	2	15	81					USA
Martino, Kyle	2	19	81					USA
Aloisi, Chris	2	21	81					USA
Murriagui, Andres	2	22	81					USA
Wells, Zack	2	26	81					USA
Salas, Sergio	3	21	81					Bolivia
Galvan, Jose	3	26	81					Argentina
Ngwenya, Joseph	3	30	81					Zimbabwe
Forchetti, Juan	4	1	81					Argentina
Gray, Kelly	4	7	81					USA
Perry, Jason	4	11	81					USA
Borchers, Nat	4	13	81					USA
Walker, Jamil	4	21	81					USA
Swenda, Phil	4	22	81					
Waldrum, Benjamin	4	26	81					
Rosenband, Andy	4	27	81					USA
Buddle, Edson	5	21	81					USA
Hernandez, David	5	30	81					
Braz, Adam	6	7	81					Canada
Tranchilla, Mike	6	9	81					USA
McGowan, Ryan	6	10	81					
Zuniga, Fabio	6	11	81					Colombia
Schmidt, Casey	6	16	81					USA
Abrahamson, Guy	6	22	81					
David, Johnny	6	24	81					
Cooks, Micah	7	2	81					USA
Kante, Ibrahim	7	20	81					Mali
Comfort, David	7	27	81					USA
Barber, Ryan	8	16	81					
Pause, Logan	8	22	81					USA
Sanfilipo, Frank	9	8	81					USA
Maliza, Johanes	9	10	81					USA
Stammler, Seth	9	29	81					USA
Friedland, Kevin	10	3	81					usa
Pulido, John	10	3	81					
Charlton, Craig	10	5	81					
Kartes, Gus	10	12	81					USA
Ochoa, Jesus	10	12	81					Mexico
Gordon, Alan	10	16	81					USA
Taylor, Matt	10	17	81					USA
Hudson, Kevin	10	22	81					
Occean, Olivier	10	23	81					Canada
McGill, David	10	24	81					
Salyer, Philip	10	30	81					USA
Davis, Brad	11	8	81					USA
Burciaga, Jose	11	16	81					USA
Thompson, Jason	11	22	81					USA
Arzate, Memo	11	22	81					USA
Hesmer, Will	11	23	81					USA
Munoz, Albert	11	28	81					Venezuela
Munoz, Alberto	11	28	81					Venezuela
Haefner, Matthew	12	16	81					USA
Richards, Kevin	12	23	81					Bermuda
Pecorelli, Lindon	1	1	82					USA
Countess, D.J.	1	9	82					USA
Ara, Kevin	2	8	82					USA
Dombrowski, Tighe	3	4	82					USA
Donovan, Landon	3	4	82					USA
Trembly, Seth	3	21	82					USA
Sutton, Jamal	3	22	82					USA
Parke, Jeff	3	23	82					USA
White, Jeremiah	4	3	82					USA
Clanton, Denny	4	4	82					USA
Vercollone, Luke	4	4	82					USA
Pilarski, Ian	4	6	82					USA
Beckerman, Kyle	4	23	82					USA
Dorman, Andy	5	1	82					Wales
Pickens, Matt	5	5	82					USA
Goodson, Clarence	5	17	82					USA
Beasley, DaMarcus	5	24	82					USA
Lewis, Ricky	5	29	82					USA
Wingert, Chris	6	16	82					USA
Hucles, Phil	6	17	82					USA
Urbas, Hermann	6	18	82					Germany
Urbas, Mandi	6	18	82					Germany
Wagenfuhr, David	6	22	82					USA
Sullivan, Gary	6	24	82					USA
Gros, Josh	6	25	82					USA
Eskandarian, Alecko	7	9	82					USA
Crew, Adom	8	4	82					USA
Makumbu, Destin	8	4	82					Zaire
Detter, Justin	8	7	82					USA
Vaca, Joselito	8	12	82					Bolivia
Maurin, Ty	8	16	82					USA
Griffin, Leonard	9	11	82					USA
Gardner, Josh	9	14	82					USA
Gregorio, Adolfo	10	1	82					USA
Taylor, Kevin	11	4	82					USA
Ortiz Solis, Fernando	11	9	82					
Baumstark, Clint	1	9	83					USA
Quintanilla, Eliseo	2	5	83					El Salvador
Clark, Ricardo	2	10	83					USA
Dempsey, Clint	3	9	83					USA
Barclay, Devin	4	9	83					USA
Convey, Bobby	5	27	83					USA
Cronin, Steve	5	28	83					USA
Grabavoy, Ned	7	1	83					USA
Saavedra, Miguel	7	3	83					USA
Cochrane, Ryan	8	8	83					USA
Kim, Chuck	1	20	84					USA
Johnson, Edward	3	31	84					USA
Sucevic, Samuel	5	28	84					
Marshall, Chad	8	22	84					USA
Magee, Mike	9	2	84					USA
Quaranta, Santino	10	14	84					USA
Mapp, Justin	10	18	84					USA
Alvarez, Arturo	6	28	85					USA
Capano, Craig	7	7	85					USA
Nunez, Ramon	11	14	85					USA
Gonzalez, Guillermo	1	4	86					USA
Gaven, Eddie	10	25	86					USA
Bradley, Michael	7	31	87					USA
Adu, Freddy	6	3	89					USA
								
								
								
								
								
								
								
								
								
								
								
								
								
								
								
								
								
								
								
								
								
								
								
								
								
								
								
								
								
								
								
								
								
								
								
								
								
								
								
								
								
								
								
								
								
								
								
								
								
								
								
								
								
								
Amaro-Cruz, Elimagdier	8	4	75					Puerto Rico
Astrondoa-Rivera, Carlos	4	28	81					Puerto Rico
Deering-Bramuglia, Diego	7	16	79					Argentina
Garay-Ortega, Carlos	3	10	81					Puerto Rico
Memendi-Diaz-Munio, Eduardo	7	1	85					Puerto Rico
Mourelo-Castro, Michael	6	2	81					USA
Mussenden-Cruz, Angel	1	16	79					Puerto Rico
Nieves-Rivera, Isaac	1	6	82					Puerto Rico
Novarini, Javier	2	17	66					Argentina
Nucifora, Andrew	8	8	80					USA
Ortiz-Huertas, Rafael	11	30	75					Puerto Rico
Pierre-Rodriguez, Diego	3	14	80					Argentina
Rivera-Curet, Alexis	10	29	79					Puerto Rico
Rivera-De Jesus, Hector	2	24	69					Puerto Rico
Rosas-Crespo, Jorge	11	28	72					Puerto Rico
Sallas-De Alencar, Mauricio	3	1	78					Brazil
Sarafim-Da Silva, Edivaldo	4	15	74					Brazil
Toal-Flores, Joseph	6	14	83					Honduras
Torres-Ramos, Alvaro	6	21	84					Puerto Rico
Zapata-Alhornoz, Martin	6	9	82					Argentina
Zuleta-Mechura, Luis	11	1	82					Argentina
Zagar, Theo	11	2	74		6	3	195	Canada
McNelis, Terrance	8	8	81					USA
Doe, Francis	12	25	85					Liberia
Paye, Aaron	1	19	81					Liberia
Roberts, Brian	8	28	82					USA
Cronkrite, Erik	10	1	81					USA
Elfvin, Bayard	2	1	81					USA
Saunders, Shawn	7	28	76					USA
Kinoshita, Kei	9	9	71					Japan
Waltman, Danny	9	19	81					USA
Harmse, Kevin	1	1	80					Canada
Thompson, Justin	1	9	81					Canada
Xausa, Davide	3	10	76					Scotland
Ackah, Lovelace	7	8	76					Ghana
Burk, Kevin	6	29	79					USA
Krause, Neil	6	12	81					USA
Marcantonio, Nino	10	13	81					Italy
Vorberg, Nick	2	10	75					USA
Afful, Joseph	7	30	79					Ghana
Fitzpatrick, Leslie	11	11	78					Trinidad
Ilarionov, Ivailo	1	6	73					Bulgaria
Vendegh, Attila	3	12	81					Slovakia
Jensen, Henrik	2	2	78					Denmark
Henry, Nigel	5	24	76					Trinidad
Smith, Joshua	8	30	82					USA
Kutney, Jason	9	5	81					USA
Martinez-Morales, Jesus	9	27	83					Paraguay
Getz, Jason	7	24	80					USA
Jones, Kelvin	1	30	82					USA
Bailey, Joel	2	17	80					Trinidad
Grande, Sandro	9	29	77					Canada
Hainault, Andre	6	17	86					Canada
Selaidopoulos, Kyriakos	2	21	78					Canada
Cephas, McColm	9	30	78					Liberia
Delicate, Matthew	2	7	82					Wales
O'Toole, Matthew	11	14	78					USA
Simms, Clyde	8	21	82					USA
Vidmar, Joseph	9	16	82					USA
Barry, Patrick	8	25	80					USA
Cuomo, Gabriel	3	2	84					USA
Dargout, Jefferson	11	16	80					USA
Mendez, Carlos	12	25	80					
Alcerro, Ricardo	5	1	73					Honduras
Da Silva-Sarafim, Edivaldo	4	15	74					Brazil
Geffard, Clide								Haiti
Salles-De Alencar, Mauricio	3	1	78					Brazil
Ankiel, Steve	8	14	81					USA
Almeida, Nuno								
Buckley, Paul	5	1	81					England
Bussard, Anthony	11	12	80					USA
Fehrle, Chris	12	13	80					USA
Kerekes, Cjaba								Hungary
Low, Kupono	12	27	78					USA
Neagu, Christian	11	9	80					Romania
O'Neil, Timothy	2	17	82					USA
Rodriguez-Taulis, Sebastian	8	2	76					
Sanfillippo, Frank	9	8	81					USA
Baxter, Darren	10	26	81					England
Blois, Lewis	12	14	81					England
Dodds, Jamie	11	12	81					Canada
Pavic, Jure	9	13	75					Croatia
Prostran, Igor	4	29	79					Canada
Steele, Aaron	2	4	83					England
Cudjoe, Jason	4	10	80					USA
Hill, Joshua	7	2	81					USA
Hutchinson, Russell	7	6	78					USA
Jonas, Mark	10	17	74					USA
N'Goran, Geoffrey	11	8	74					Ivory Coast
Sanchez, Max	1	2	73					USA
Smith, Derek	7	17	80					USA
Winkel, Nathaniel	6	30	78					USA
Brusselers, Geert	1	6	83					Holland
Castrillon, John	7	10	85					Canada
Frazao, Steven	11	11	83					Canada
Holdt, Steffen	2	20	76					Canada
Janssens, Frederick	11	15	82					Canada
Jesic, Damir	1	25	79					Bosnia
Kolomiets-Raad, Sergei	8	3	82					Russia
Kooy, Christopher	6	11	82					Canada
Mert, Mesut	3	18	78					Bulgaria
Pavicic, Zvonko	7	15	77					Canada
Pfannenstiel, Lutz	5	12	73					Germany
Reyes, Nic	5	19	81					Canada
Richer, Aaron	11	19	79					Canada
Robinson, John	1	14	81					Canada
Savic, Zdravko	7	26	81					Slovenia
Sestito, Angelo	6	25	73					Canada
Slade, Mark	2	18	76					South Africa
Smith, Conrad	4	12	82					Trinidad
Stefanazzi, Chris	4	13	81					Canada
Akok, Fred	10	12	77					Canada
Campi, Jose Luis	1	28	77					Argentina
Devlin, Chris	7	24	74					Canada
Dhaliwal, Paul	5	2	81					Canada
Drummond, Daniel	9	10	85					Canada
Gonzalez, William	4	17	79					Canada
Handsor, Chris	1	14	72					Canada
Kassaye, Simon	5	19	85					Canada
Kaushal, Vikram	3	26	83					Canada
Lopresti-Travanic, Jaime	1	27	74					Chile
Molina-Belmar, Cesar	10	15	85					Canada
Mollaibrahimagaoglu, Ibrahim	10	10	69					Turkey
Munoz, Eric	8	29	77					Canada
Salinoas-Ponce, Claudio	4	24	76					Chile
Sibiya, Sipho	7	28	71					South Africa
Spencer, Steven	9	22	79					Canada
Stankov, Nicola	7	16	80					Canada
Stephens, Wesley	9	5	76					Canada
Tachie, Desmond	5	1	84					Canada
Vignjevic, Nikola	3	12	71					Serbia
Barnes, Devlin	4	18	82					USA
Barton, Joseph	7	1	81					USA
Popovich, Derek	4	24	81					USA
Vendegh, Atilla	3	12	81					Slovakia
Otta, Walter	12	12	73					Argentina
Zapata-Vidal, Ernesto	1	24	73					Uruguay
Hart, Robin	4	7	78					Canada
Rago, Carmalo								
Stankov, Robert	7	16	80					
Castellanos, David	2	26	80					USA
Lara, Ricardo	7	24	81					USA
Cronkite, Erik	10	1	81					USA
Marcum, Garrett	5	21	79					USA
Weis, Jarrod	1	22	82					USA
Geffard, Clide								Haiti
Lucey, Gerry	5	26	66					USA
McDermott, Michael	2	7	74					Northern Ireland
Brown, Tim	3	6	81					New Zealand
Almeida, Nuno			72					Portugal
Barnes-Homer, Matthew	1	25	86					England
Carabajal, Mauro	5	7	78					Argentina
Kerekes, Cjaba	3	13	79					Hungary
Steele, Jonathan	2	7	86					England
Brito, Vinicius	9	26	82					Brazil
Connor, Matthew	11	7	81					
De Carvalho, Edmilson	10	3	76					Brazil
Gbeke, Charles	3	13	78					Canada
Gomes, Domingos								
Mattachione, Joe	8	15	75					Canada
Messam, Gregory	7	24	73					
O'Connor, Matthew	4	29	84					Canada
Cucck, Umbertino	2	2	84					Canada
Dauda, Fuseini	5	29	75					Canada
Gomes, Mark	12	19	75					Canada
Pineda-Chacon, Alex	12	19	69					Honduras
Norkus, Joshua	3	14	79					USA
								
Valencia-Jimenez, Gabriel	4	16	78		6	2	195	Venezuela
Campi, Jose	1	28	77					Argentina
Rago, Carmalo								
Alberts, James	11	8	80					USA
Brunt, Christopher	1	1	80					USA
Matteo, Jeffrey	8	8	80					USA
Menyongar, Johnny	6	26	79		5	5	140	Liberia
Kante, Boureima	7	20	81					Mali
Rosenband, Andrew	4	27	81					USA
Arzate, Guillermo	11	22	81					USA
Da Silva-Sarafim, Jr, Edivaldo	4	15	74					Brazil
Geffard, Clide								Haiti
Gores, Christopher	9	23	77					USA
Hesmer, Will	11	23	81					USA
								
Vargas-Aguilera, Roland	12	7	78					Bolivia
Callahan, Sean-Micheal	4	17	78		5	8		USA
Melo, Welton	4	17	75					Brazil
Foss, Charles	10	6	79					USA
								
McManus, Anthony	9	20	80					USA
Pickens, Matthew	4	5	82					USA
Wiseman, Ronan	2	10	66					Ireland
Zaratin, Peter	4	29	71					USA
								
								
								
								
Frias, Daniel	3	29	79					Mexico
Mulcahy, Patrick	3	27	76					
Munro, Jamie	4	22	76					
Oudin, Manny	3	20	68					
Piturro, Laurence	10	31	69					
Posnanski, Jamie	1	15	73					USA
Roberts, J.T.	1	8	75					
Simpson, Dushawne	12	5	72					
Simpson, Shani	3	28	73					
Sletvold, Richard	7	17	76					
Stathopoulos, Chris	12	29	77					
Tschantret, Lee	4	10	69					USA
Utush, Ali John	11	1	77					USA
Abboud, Mark								U
DiFlorio, Gino	9	18	64					
Watson, Jerome	9	28	64					USA
Swallen, John	6	16	65					
Limniatis, John	6	24	67					Canada
Baena, Mark	11	27	68					USA
Kelly, David	6	11	68					
Atta, Maher	3	23	70					
Sablo, Angelo	3	7	70					
Villagra, Gustavo	2	13	70					Argentina
McKay, Joshua	11	16	71					USA
Price, David	8	31	71					
Legg, Kevin	2	19	72					USA
Sewell, Dean	4	13	72					Jamaica
Watkins, Shane	11	8	72					
Barbieri, Erik	5	27	73					
Henning, Mike	9	23	74					
Hetherington, Nathan	4	30	74					
Leon, Daniel	10	14	74					
Robertson, Ralph	10	30	74					
Alegre, Mauricio	11	5	75					
Annicchero, Jason	9	27	75					
Labastida, Luis	4	11	75					Mexico
Latronica, Anthony	8	8	75					USA
Farris, Matt	9	20	76					USA
Franzke, Stephen	11	8	76					USA
Proctor, James	10	25	76					
Ratzburg, Keith	10	16	76					
Johnson, Ben	2	10	77					USA
Poltl, Thomas	9	21	77					USA
Cerro, Diego	8	23	68					
Cadet, Steve	2	7	69					USA
Ceccarelli, Paolo	10	12	69					
Boney, Shawn	8	28	71					
D'Ambra, Don	5	5	72					
Etienne, Derrick	8	11	74					USA
Blanchard, Ricardo	10	30	71					St. Lucia
Bokole, Bonyoko	8	7	76					
Rebuck, Daniel	2	3	69					
Etienne, Darrell	8	11	74					USA
Strang, Brett	7	21	76					USA
								
Tomaro, Paul	5	2	76					
Rocke, Colin	3	21	68					Trinidad
Nealis, Sean	4	29	76					
Littman, Michael	5	11	68					
Levesque, Ryan	5	8	74					
Myrie, Carlyle	6	7	75					Jamaica
Tucker, Taylor	2	11	74					
Ndlovu, Methembe	8	16	74					
								
								
Kinturi, Pasi	10	14	74					
Gunn, Jeremy								
Veselka, Chris	6	15	70					
Veselka, Chris								
Theslof, Nick	12	12	75					
Carey, Sean	3	11	69					
Daly, Kevin	10	17	74					
Hickey, Ben	11	11	74					
Ananda, Vairaji	10	7	79					
Potter, Nick	3	25	77					
Quigley, Kevin	6	25	76					
								
Risley, Kenneth	3	15	72					
Ellsworth, Oliver	9	7	77					
Roufs, Jason	5	28	76					
Wright, Brandon	8	16	79					
Browne, Clinton	6	2	73					
Najarro, Roberto	1	31	79					Honduras
								
Thompson, Geoffrey	6	27	73					USA
								
								
Chan, Robin	1	8	68					
Riegler, Jason	10	24	72					
								
								
Throop, Adam	8	11	78					
Davis, Brett	1	4	76					
Kelly, Paul	5	1	74					
Kodiat, Ebbie	7	11	79					
Kennedy, Roger	3	8	76					
Rigby, Jeffrey	11	29	77					
Roderick, Paul	12	6	74					
Segaar, Chris	11	20	75					
Radovic, Aleksandar	10	4	73					
Cassella, Shawn	10	26	72					
Landon, Eric	4	5	74					
Manganello, Mark	12	3	72					
Camara, Aboubacar	10	5	78					
Ovalle, Raul	2	4	74					
Benjamin, Mario	11	6	78					
Johnson, Jeff	12	6	74					
Smith, Adam	10	27	71					
Valdez, Joaquin	8	22	74					
Gatti, Guillermo	9	4	75					
Nicol, Steve	12	11	61					Northern Ireland
Sloan, Kevin	12	23	65					
Doliscat, Rudy	11	16	67					
Kelly, Danny	3	7	69					
Inneh, Ernest	9	25	70					
Robles, Antonio	4	26	70					
Moleka, Ignace	9	27	70					Zaire
Felician, Lester	8	5	70					
Garcia, Gabe	6	8	70					
Mossel, Mike	7	18	70					
Needham, Grant	7	14	70					
McElderry, Jim	2	1	71					
Anderson , Kevin	9	17	71					
Houser, Nate	10	8	72					USA
Pappas, Peter	6	27	72					Canada
Davini, Chris	4	29	72					
Saunders, Michael	4	1	72					USA
Dumitru, Mugurel	11	13	72					Romania
Green, Dan	4	24	72					
Haitonic, Emil	11	15	73					
Brown, Phillip	10	10	73					
Cruz, Carlos	9	3	73					
Nowak, Paul	6	26	73					
Walker, Ryan	11	4	74					
Petronis, Jason	9	27	74					
Castro, Victor	7	8	74					
Gore, John	3	4	74					
Moore, William	4	7	74					
Wescott, Jason	6	20	74					
John, Avery	6	18	75					Trinidad
Provan, Josh	8	4	75					
Wilson, Eric	12	15	75					
Sanchez, Mario	1	28	75					
Temblador, Art	2	22	75					
Demmin, Dwayne	1	5	75					Trinidad
Donaldson, Craig	10	24	75					
Mercado, Oscar	1	1	75					
Rantala, Jukka	8	1	75					
Vita, Mark	7	10	75					
Wozniak, J.J.	4	2	75					
Franklin, Sam	1	17	76					
Lowery, Jonathan	9	20	76					
Marinos, Chris	10	2	76					USA
Samol, Zach	1	16	76					USA
Scheer, Craig	2	29	76					
								
Farace, Anthony	5	10	76					
Nyman, Matt	9	16	76					
Oparaku, Mobi	1	12	76					
Wanamaker, Christopher	5	9	77					
Mittendorf, Andrew	7	19	77					
Wannamaker, Chris	5	9	77					
Dagama-Maucher, Luis Renato	7	11	78					
Duncan, Todd	1	26	78					
Cardozo, Blas	2	3	79					
Wall, James	3	21	80					
Figueroa-Jimenez, Ahmed	1	23	80					
Neto-Calheira, Adauto	12	31	80		5	10	178	Brazil
Lewis, Peter	12	30	62					
Boisson, Alvin	5	28	66					
Rosario, Robert	3	4	66					
Banks, David	12	17	67					
Schmetzer, Andy	4	26	67					
Dias, Christopher	10	6	68					
Anhaeuser, Mike	8	13	69					
Brisson, Clark	2	9	69					
Pierre-Jerome, Reggie	9	29	69					
Norcott, Guy	10	11	69					England
St. Louis, Terry	12	23	69					
Hurst, Lee	9	21	70					
Lilavois, Bernie	8	31	70					
Rodriguez, Eddie	4	22	70					
Steinbach, Morry	8	9	70					
Walker, Gerard	2	23	70					
Payne, Jon	3	6	71					
Siikala, Toni	4	1	71					
Spooner, Nicky	6	5	71					England
Castillo, Juan	6	18	72					
Kelly, Jon	11	27	72					
Scott, Kevin	11	7	72					
Carithers, Chad	7	8	73					USA
Richvalsky, Damon	11	13	73					
Brownell, Derick	2	2	74					
Mills, John	10	16	74					
Mekelburg, Mike	2	20	75					
Sells, Justin	5	1	75					
Alvero, Brian	1	14	76					
Krakowiak, Wojtek	8	6	76					Poland
Phillips, Colin	5	29	76					
Thelen, Scott	6	14	76					
Turner, Ryan	5	14	76					
Miller, Rashad	12	1	77					
Anderson, Alfredo	10	31	78					
Campbell, Josh	8	10	78					
Webster, Pablo	10	2	79					
Feniger, Mike	5	18	75					USA
Abboud, Mark	11	19	70					
Valderrama, Ronald	12	4	67					
Lagos, Gerard	8	25	69					
Sebwe, Dionysius	3	7	69					
Coughlin, John	12	30	72					
Leventhal, Aaron	7	18	74					USA
Johnson, Tamba	6	18	78					
Menk, John	2	26	70					USA
Miller, Kirk	10	27	78					
Kroener, Shawn	6	1	76					
Sylvester, John	2	12	73					USA
Salazar, Jorge	7	27	64					
Ablett, Gary	11	19	65					
Martin, Tim 	4	12	67					
Oliveira, Pedro Paul	12	27	67					
Garcia, Gabriel	6	8	70					
Barber, Daniel	5	17	71					
Cruz, Alberto	7	10	71					
Campbell, Shayne	11	18	72					
Farfan, Eric	3	11	73					
Dumlao, Rodney	3	21	74					
Connell, Greg	7	1	75					
Diallo, Ben	8	23	75					
Hollis, Trace	8	29	75					
Marquez, Cesar	1	23	75					
Mejia, Oscar	12	7	77					
Suazo, Miguel	11	23	77					
Brooks, Paul 	9	30	78					
Hall, Matt	4	5	78					
James, Chad	4	3	78					
Frias-Adame, Julio (Daniel)	3	29	79					
Sulentic, John	5	2	77		5	9	160	Canada
Barnes, Sebastian	11	18	76					Ghana
Reynders, Martin	4	11	72					
Beech, Patrick	1	1	71					Jamaica
Kusch, Garret	6		73					
Stalteri, Paul	10	18	77					Canada
Alvarado, Choco	1	1	82					
Ayegbaroju, Adeola								Nigeria
Davis, Fabian	6	30	74					Jamaica
Dutreuil, Jimmy								Haiti
Marquinhos	2		79					Brazil
Nowacki, Marek	2	17	74					Poland
Bader, Dewan	4	8	71					USA
Carver, Joe	6	11	71					
Cairel, John	12	11	73					
Cavitt, Brandon	3	28	73					
Oyuga, Paul	4	7	73					
Ribeiro, Anselmo	12	17	74					
Chrisanthon, Nick	7	12	75					
Colasante, Cesidio	1	10	75					
Bustos, Javier	2	27	76					
Clark, Jason	5	25	76					
Comeaux, Ross	3	1	76					
Phillips, Shandley	8	14	76					
Phillips, Sullivan	2	9	79					
Adjanohoun, Dominique	12	13	74					
Pinto, Nelson	11	3	71					
Quinones-Arreola, Saul	10	31	72					
Camarena-Corzo, Enrique	6	15	73					
Pepe, Michael	2	13	75					
Williams, Mike	9	1	69					USA
Ukrop, Robert	4	5	70		6	2	206	USA
Bailey, Jaymison	6		76					USA
Tilley, Darren			67					England
Glusevic, Dejan								Yugoslavia
Valdez, Paolo								Angola
Diotte, Patrick								Canada
Pozniak, Chris								Canada
Silva, Jacenir								Brazil
Rodriguez, Edmundo								Mexico
Mensah, Henry								Ghana
Hetherington, Nathan								USA
Hooper, Lyndon								Canada
Sandhu, Didar	1		74					Canada
Branigan, Alan								USA
Samuel, Randy								Canada
McKay, Yogi								USA
								
Thompson, Rett								USA
Stuart, Darrell								Antigua
Kennel, Chris								USA
Kouzmanis, Tom	4	22	73					Canada
Gong, Lei								China
Centurione, Luca								Italy
Manjate, Armando								Mozambique
Holmes, Daryl								New Zealand
Holness, Kevin	9	25	71					Canada
Crompton, Gary			70					USA
Lagos, Gerard	8	25	69					USA
Horvath, Istvan								Hungary
James, Bernie								USA
Duff, Chris	1	20	72					USA
Browder, Charles	3	12	76					USA
Caution, Matt	11	29	74					USA
Crawford, Loren	11	1	77					USA
Denton, Fred	1	26	76					USA
Eernisse, Ryan	11	27	76					Kenya
Foster, Tim	7	3	69					USA
Ogden, Matthew	6	5	77					England
Parrish, Andy	3	6	76					USA
Phillips, Mark	12	5	72					USA
Proctor, David	10	27	72					England
Araujo, Michael								Scotland
Shishkov, Stilian								Bulgaria
Pinzon, Juan Pablo								Colombia
Deegan, Alexander								USA
Cairns, Jason								USA
Kirov, Atanas								Bulgaria
Ziyenge, Lincoln								Zimbabwe
Coxon, Stephen								England
Parrish, Keith								USA
Schenkel, Doug								USA
Covey, Brian								USA
Lima, Rogerio								USA
Geltz, Tim								USA
Gyaki, Ryan	12	6	85					Canada
Dutra, Waldemar	2	20	83					Canada
Dolan, Paul	4	16	66					Canada
Carter, Ian	9	20	67					Canada
MacDonald, Steve	10	13	70					Canada
Samuel, Randy	12	23	63					Canada
Hooper, Lyndon	5	30	66					Canada
Berdusco, Eddy	9	8	69					Canada
White, Carson			75					
Isacco, Carmine			71					Canada
Branigan, Alan			75					USA
Wygonik, Tomasz	5	8	68					Poland
Persson, Trevor	7	7	78					USA
								
Chevalier, Greg	11	19	80					USA
Dawkins, Fabian	7	2	81					Jamaica
de la Torre, Antonio	11	18	77					Mexico
Fegler, Christian	1	29	80					Sweden
Goguen, Ron	12	4	80					USA
Iniguez, Sergio	2	3	80					USA
Lowery, Amir	12	26	83					USA
Mattison, Landy	1	4	83					USA
								
Peoples, Zachary	3	9	83					USA
Plute, Ronald	11	29	81					USA
Rhyne, Stephen	12	25	81					USA
Rios-Rodriguez, Rodrigo	1	25	77					Chile
Stone, Kristopher	2	27	82					Jamaica
Yi, Alex	3	21	82					USA
Alexander, Robert (Trey)	4	3	83					USA
Bernstein, Gabe	2	12	83					USA
Cavanagh, Drew	8	27	82					USA
Hollingsworth, Ben	6	6	82					USA
Karalexis, Timothy	9	18	80					USA
Khumalo, Thabiso (Boyzzz)	10	27	80					South Africa
Krupnik, Leonid (Leo)	7	15	79					Ukraine
Lesesne, Troy	10	27	83					USA
Lubezky, Alon	8	25	80					Israel
Okoye, Ugochukwu (Isaac)	9	13	81					Nigeria
Perez-Matto, Andres	8	7	84					Paraguay
Riley, Chris	8	3	82					USA
Vazquez-Garcia, Usiel	11	18	81					Mexico
								
Branan, Brett	2	17	83					USA
Diaz-Grova, Alejandro	12	14	73					Uruguay
Hargis, Jonathon	11	27	80					USA
								
Knox, Nathan	7	13	81					New Zealand
								
Platter, Nicolas	11	22	81					USA
								
Argento, Gerry	7	1	85					Canada
Fukasawa, Masahiro	12	7	77					Japan
								
								
Kolinski, Mike	3	15	78					
Lesage, Nicolas	1	3	80					Canada
Madkour, Rachid	4	1	77					Canada
Wesseh, Doco	6	7	79					
Wilson, Kevin	9	13	76					Jamaica
Antoniuk, Dan	1	23	81					USA
Goldthwaite, Kevin	12	9	82					USA
Higgins, Shaun	10	17	78					USA
Lines, Aaran	12	21	76					New Zealand
								
Reynolds, Sam	12	13	81					USA
Bezares-Mendoza, Rene	12	10	81					Puerto Rico
Delgado, Alberto	3	11	78					Cuba
Gomez, Andres	5	14	78					
Gonzalez-Pareja, Alejandro	10	11	77					Chile
Irrera-Gendhardt, Juan Pablo	10	3	82					Argentina
Kennedy, Daniel	7	22	82					USA
Lopuski, Jonathan	10	2	83					USA
McAthy, Drew	9	10	82					USA
								
Poli-Garcia, Dante	8	15	79					USA
								
Villegas-Espana, Petter	11	15	75					Ecuador
Gorres, Sascha	2	27	80					Germany
Hare, Jeff	4	1	82					USA
Nti, Theophidack (Kofi)	3	4	77					Ghana
Pauls, Mathew	3	30	82					USA
Ssejjemba, Robert	12	5	79					Uganda
Williams, Paul	3	26	71					England
								
Martinez, Rey	5	13	80					Cuba
Palguta, Scott	8	23	82					USA
Rougier, Anthony	7	17	81					Trinidad
								
								
								
Turpin, Mychal	9	13	83					USA
								
Besagno, Jacob	1	1	84					USA
Chacon-Orozco, Franklin	6	18	85					Costa Rica
Fulton, Robert	6	2	82					USA
Hansen, Joshua	1	16	82					USA
Klaas, Craig (CJ)	8	23	83					USA
Whitfield, Brent	1	8	81					USA
Sturm, Gabriel	9	22	81					USA
Ward, James	9	16	82					USA
Whitefield, Brent	1	8	81					USA
Wiesner, Brett	5	12	83					USA
Ali, Said	8	26	80					Canada
Balkanloo, Matthew	3	21	83					USA
Belotte, Wyn	6	5	84					Canada
Dekker, Martinus (Niels)	4	22	83					Canada
Eja-Tabe, Huffman	5	6	81					Canada
Franois, Abraham	6	7	77					Canada
								
								
Simpson, David	1	11	83					Canada
Some, Urbain								
Williams, Christopher	5	21	84					USA
								
Cucca, Umbertino (Tino)	2	2	84					Canada
de Silva, William (Liam)	9	8	77					Canada
Djekanovic, Srdjan (Serge)	1	8	83					Canada
Gjertsen, Joseph (Joey)	6	13	82					Canada
Wicks, Josh	11	1	83					USA
Bennett, Teafore	9	9	80					Jamaica
Benton, Daniel	12	29	80					USA
Brillant, Felix	9	9	80					Canada
Caskey, Darren	8	21	74					England
Harris, Kevon	6	1	81					Jamaica
Myers, Ptah	5	25	82					USA
Nolz, Josh	4	13	80					USA
Sepuya, Eugene	4	1	83					Uganda
Smith, Chad	2	24	80					USA
Ukah, Warren	3	22	85					USA
Valdeberito-Gomez, Kormac	1	2	82					Chile
Yang, Chou	12	31	75					
Bailey, Joel (JJ)	2	17	80					Trinidad
Mingo, Ruben	9	11	81					USA
Njima, Alain								
Some, Urbain								
Rozental, Sebastian	9	1	76					Chile
Galindo, Maykel	1	28	81					Cuba
